<?xml version="1.0" encoding="UTF-8" standalone="no"?>
<database name="postgres" schema="tiger" type="PostgreSQL - 17.7">
   <sequences>
      <sequence increment="1" name="addr_gid_seq" startValue="1"/>
      <sequence increment="1" name="addrfeat_gid_seq" startValue="1"/>
      <sequence increment="1" name="bg_gid_seq" startValue="1"/>
      <sequence increment="1" name="county_gid_seq" startValue="1"/>
      <sequence increment="1" name="cousub_gid_seq" startValue="1"/>
      <sequence increment="1" name="edges_gid_seq" startValue="1"/>
      <sequence increment="1" name="faces_gid_seq" startValue="1"/>
      <sequence increment="1" name="featnames_gid_seq" startValue="1"/>
      <sequence increment="1" name="pagc_gaz_id_seq" startValue="1"/>
      <sequence increment="1" name="pagc_lex_id_seq" startValue="1"/>
      <sequence increment="1" name="pagc_rules_id_seq" startValue="1"/>
      <sequence increment="1" name="place_gid_seq" startValue="1"/>
      <sequence increment="1" name="state_gid_seq" startValue="1"/>
      <sequence increment="1" name="tabblock_gid_seq" startValue="1"/>
      <sequence increment="1" name="tract_gid_seq" startValue="1"/>
      <sequence increment="1" name="zcta5_gid_seq" startValue="1"/>
   </sequences>
   <tables>
      <table catalog="postgres" name="addr" remarks="" schema="tiger" type="TABLE">
         <column autoUpdated="true" defaultValue="nextval('addr_gid_seq'::regclass)" digits="0" id="0" name="gid" nullable="false" remarks="" size="10" type="serial" typeCode="4"/>
         <column autoUpdated="false" defaultValue="null" digits="0" id="1" name="tlid" nullable="true" remarks="" size="19" type="int8" typeCode="-5"/>
         <column autoUpdated="false" defaultValue="null" digits="0" id="2" name="fromhn" nullable="true" remarks="" size="12" type="varchar" typeCode="12"/>
         <column autoUpdated="false" defaultValue="null" digits="0" id="3" name="tohn" nullable="true" remarks="" size="12" type="varchar" typeCode="12"/>
         <column autoUpdated="false" defaultValue="null" digits="0" id="4" name="side" nullable="true" remarks="" size="1" type="varchar" typeCode="12"/>
         <column autoUpdated="false" defaultValue="null" digits="0" id="5" name="zip" nullable="true" remarks="" size="5" type="varchar" typeCode="12">
            <parent catalog="postgres" column="zip" foreignKey="Implied Constraint" implied="true" onDeleteCascade="false" schema="tiger" table="zip_lookup_base"/>
         </column>
         <column autoUpdated="false" defaultValue="null" digits="0" id="6" name="plus4" nullable="true" remarks="" size="4" type="varchar" typeCode="12"/>
         <column autoUpdated="false" defaultValue="null" digits="0" id="7" name="fromtyp" nullable="true" remarks="" size="1" type="varchar" typeCode="12"/>
         <column autoUpdated="false" defaultValue="null" digits="0" id="8" name="totyp" nullable="true" remarks="" size="1" type="varchar" typeCode="12"/>
         <column autoUpdated="false" defaultValue="null" digits="0" id="9" name="fromarmid" nullable="true" remarks="" size="10" type="int4" typeCode="4"/>
         <column autoUpdated="false" defaultValue="null" digits="0" id="10" name="toarmid" nullable="true" remarks="" size="10" type="int4" typeCode="4"/>
         <column autoUpdated="false" defaultValue="null" digits="0" id="11" name="arid" nullable="true" remarks="" size="22" type="varchar" typeCode="12"/>
         <column autoUpdated="false" defaultValue="null" digits="0" id="12" name="mtfcc" nullable="true" remarks="" size="5" type="varchar" typeCode="12"/>
         <column autoUpdated="false" defaultValue="null" digits="0" id="13" name="statefp" nullable="true" remarks="" size="2" type="varchar" typeCode="12">
            <parent catalog="postgres" column="statefp" foreignKey="Implied Constraint" implied="true" onDeleteCascade="false" schema="tiger" table="state"/>
         </column>
         <primaryKey column="gid" sequenceNumberInPK="1"/>
         <index name="addr_pkey" unique="true">
            <column ascending="true" name="gid"/>
         </index>
         <index name="idx_tiger_addr_tlid_statefp" unique="false">
            <column ascending="true" name="tlid"/>
            <column ascending="true" name="statefp"/>
         </index>
         <index name="idx_tiger_addr_zip" unique="false">
            <column ascending="true" name="zip"/>
         </index>
      </table>
      <table catalog="postgres" name="addrfeat" remarks="" schema="tiger" type="TABLE">
         <column autoUpdated="true" defaultValue="nextval('addrfeat_gid_seq'::regclass)" digits="0" id="0" name="gid" nullable="false" remarks="" size="10" type="serial" typeCode="4"/>
         <column autoUpdated="false" defaultValue="null" digits="0" id="1" name="tlid" nullable="true" remarks="" size="19" type="int8" typeCode="-5"/>
         <column autoUpdated="false" defaultValue="null" digits="0" id="2" name="statefp" nullable="false" remarks="" size="2" type="varchar" typeCode="12">
            <parent catalog="postgres" column="statefp" foreignKey="Implied Constraint" implied="true" onDeleteCascade="false" schema="tiger" table="state"/>
         </column>
         <column autoUpdated="false" defaultValue="null" digits="0" id="3" name="aridl" nullable="true" remarks="" size="22" type="varchar" typeCode="12"/>
         <column autoUpdated="false" defaultValue="null" digits="0" id="4" name="aridr" nullable="true" remarks="" size="22" type="varchar" typeCode="12"/>
         <column autoUpdated="false" defaultValue="null" digits="0" id="5" name="linearid" nullable="true" remarks="" size="22" type="varchar" typeCode="12"/>
         <column autoUpdated="false" defaultValue="null" digits="0" id="6" name="fullname" nullable="true" remarks="" size="100" type="varchar" typeCode="12"/>
         <column autoUpdated="false" defaultValue="null" digits="0" id="7" name="lfromhn" nullable="true" remarks="" size="12" type="varchar" typeCode="12"/>
         <column autoUpdated="false" defaultValue="null" digits="0" id="8" name="ltohn" nullable="true" remarks="" size="12" type="varchar" typeCode="12"/>
         <column autoUpdated="false" defaultValue="null" digits="0" id="9" name="rfromhn" nullable="true" remarks="" size="12" type="varchar" typeCode="12"/>
         <column autoUpdated="false" defaultValue="null" digits="0" id="10" name="rtohn" nullable="true" remarks="" size="12" type="varchar" typeCode="12"/>
         <column autoUpdated="false" defaultValue="null" digits="0" id="11" name="zipl" nullable="true" remarks="" size="5" type="varchar" typeCode="12"/>
         <column autoUpdated="false" defaultValue="null" digits="0" id="12" name="zipr" nullable="true" remarks="" size="5" type="varchar" typeCode="12"/>
         <column autoUpdated="false" defaultValue="null" digits="0" id="13" name="edge_mtfcc" nullable="true" remarks="" size="5" type="varchar" typeCode="12"/>
         <column autoUpdated="false" defaultValue="null" digits="0" id="14" name="parityl" nullable="true" remarks="" size="1" type="varchar" typeCode="12"/>
         <column autoUpdated="false" defaultValue="null" digits="0" id="15" name="parityr" nullable="true" remarks="" size="1" type="varchar" typeCode="12"/>
         <column autoUpdated="false" defaultValue="null" digits="0" id="16" name="plus4l" nullable="true" remarks="" size="4" type="varchar" typeCode="12"/>
         <column autoUpdated="false" defaultValue="null" digits="0" id="17" name="plus4r" nullable="true" remarks="" size="4" type="varchar" typeCode="12"/>
         <column autoUpdated="false" defaultValue="null" digits="0" id="18" name="lfromtyp" nullable="true" remarks="" size="1" type="varchar" typeCode="12"/>
         <column autoUpdated="false" defaultValue="null" digits="0" id="19" name="ltotyp" nullable="true" remarks="" size="1" type="varchar" typeCode="12"/>
         <column autoUpdated="false" defaultValue="null" digits="0" id="20" name="rfromtyp" nullable="true" remarks="" size="1" type="varchar" typeCode="12"/>
         <column autoUpdated="false" defaultValue="null" digits="0" id="21" name="rtotyp" nullable="true" remarks="" size="1" type="varchar" typeCode="12"/>
         <column autoUpdated="false" defaultValue="null" digits="0" id="22" name="offsetl" nullable="true" remarks="" size="1" type="varchar" typeCode="12"/>
         <column autoUpdated="false" defaultValue="null" digits="0" id="23" name="offsetr" nullable="true" remarks="" size="1" type="varchar" typeCode="12"/>
         <column autoUpdated="false" defaultValue="null" digits="0" id="24" name="the_geom" nullable="true" remarks="" size="2147483647" type="geometry" typeCode="1111"/>
         <primaryKey column="gid" sequenceNumberInPK="1"/>
         <index name="addrfeat_pkey" unique="true">
            <column ascending="true" name="gid"/>
         </index>
         <index name="idx_addrfeat_geom_gist" unique="false">
            <column ascending="true" name="the_geom"/>
         </index>
         <index name="idx_addrfeat_tlid" unique="false">
            <column ascending="true" name="tlid"/>
         </index>
         <index name="idx_addrfeat_zipl" unique="false">
            <column ascending="true" name="zipl"/>
         </index>
         <index name="idx_addrfeat_zipr" unique="false">
            <column ascending="true" name="zipr"/>
         </index>
      </table>
      <table catalog="postgres" name="bg" remarks="block groups" schema="tiger" type="TABLE">
         <column autoUpdated="true" defaultValue="nextval('bg_gid_seq'::regclass)" digits="0" id="0" name="gid" nullable="false" remarks="" size="10" type="serial" typeCode="4"/>
         <column autoUpdated="false" defaultValue="null" digits="0" id="1" name="statefp" nullable="true" remarks="" size="2" type="varchar" typeCode="12">
            <parent catalog="postgres" column="statefp" foreignKey="Implied Constraint" implied="true" onDeleteCascade="false" schema="tiger" table="state"/>
         </column>
         <column autoUpdated="false" defaultValue="null" digits="0" id="2" name="countyfp" nullable="true" remarks="" size="3" type="varchar" typeCode="12"/>
         <column autoUpdated="false" defaultValue="null" digits="0" id="3" name="tractce" nullable="true" remarks="" size="6" type="varchar" typeCode="12"/>
         <column autoUpdated="false" defaultValue="null" digits="0" id="4" name="blkgrpce" nullable="true" remarks="" size="1" type="varchar" typeCode="12"/>
         <column autoUpdated="false" defaultValue="null" digits="0" id="5" name="bg_id" nullable="false" remarks="" size="12" type="varchar" typeCode="12"/>
         <column autoUpdated="false" defaultValue="null" digits="0" id="6" name="namelsad" nullable="true" remarks="" size="13" type="varchar" typeCode="12"/>
         <column autoUpdated="false" defaultValue="null" digits="0" id="7" name="mtfcc" nullable="true" remarks="" size="5" type="varchar" typeCode="12"/>
         <column autoUpdated="false" defaultValue="null" digits="0" id="8" name="funcstat" nullable="true" remarks="" size="1" type="varchar" typeCode="12"/>
         <column autoUpdated="false" defaultValue="null" digits="17" id="9" name="aland" nullable="true" remarks="" size="17" type="float8" typeCode="8"/>
         <column autoUpdated="false" defaultValue="null" digits="17" id="10" name="awater" nullable="true" remarks="" size="17" type="float8" typeCode="8"/>
         <column autoUpdated="false" defaultValue="null" digits="0" id="11" name="intptlat" nullable="true" remarks="" size="11" type="varchar" typeCode="12"/>
         <column autoUpdated="false" defaultValue="null" digits="0" id="12" name="intptlon" nullable="true" remarks="" size="12" type="varchar" typeCode="12"/>
         <column autoUpdated="false" defaultValue="null" digits="0" id="13" name="the_geom" nullable="true" remarks="" size="2147483647" type="geometry" typeCode="1111"/>
         <primaryKey column="bg_id" sequenceNumberInPK="1"/>
         <index name="bg_pkey" unique="true">
            <column ascending="true" name="bg_id"/>
         </index>
         <checkConstraint constraint="(st_ndims(the_geom) = 2)" name="enforce_dims_geom"/>
         <checkConstraint constraint="((geometrytype(the_geom) = 'MULTIPOLYGON'::text) OR (the_geom IS NULL))" name="enforce_geotype_geom"/>
         <checkConstraint constraint="(st_srid(the_geom) = 4269)" name="enforce_srid_geom"/>
      </table>
      <table catalog="postgres" name="county" remarks="" schema="tiger" type="TABLE">
         <column autoUpdated="true" defaultValue="nextval('county_gid_seq'::regclass)" digits="0" id="0" name="gid" nullable="false" remarks="" size="10" type="serial" typeCode="4"/>
         <column autoUpdated="false" defaultValue="null" digits="0" id="1" name="statefp" nullable="true" remarks="" size="2" type="varchar" typeCode="12">
            <parent catalog="postgres" column="statefp" foreignKey="Implied Constraint" implied="true" onDeleteCascade="false" schema="tiger" table="state"/>
         </column>
         <column autoUpdated="false" defaultValue="null" digits="0" id="2" name="countyfp" nullable="true" remarks="" size="3" type="varchar" typeCode="12"/>
         <column autoUpdated="false" defaultValue="null" digits="0" id="3" name="countyns" nullable="true" remarks="" size="8" type="varchar" typeCode="12"/>
         <column autoUpdated="false" defaultValue="null" digits="0" id="4" name="cntyidfp" nullable="false" remarks="" size="5" type="varchar" typeCode="12"/>
         <column autoUpdated="false" defaultValue="null" digits="0" id="5" name="name" nullable="true" remarks="" size="100" type="varchar" typeCode="12"/>
         <column autoUpdated="false" defaultValue="null" digits="0" id="6" name="namelsad" nullable="true" remarks="" size="100" type="varchar" typeCode="12"/>
         <column autoUpdated="false" defaultValue="null" digits="0" id="7" name="lsad" nullable="true" remarks="" size="2" type="varchar" typeCode="12"/>
         <column autoUpdated="false" defaultValue="null" digits="0" id="8" name="classfp" nullable="true" remarks="" size="2" type="varchar" typeCode="12"/>
         <column autoUpdated="false" defaultValue="null" digits="0" id="9" name="mtfcc" nullable="true" remarks="" size="5" type="varchar" typeCode="12"/>
         <column autoUpdated="false" defaultValue="null" digits="0" id="10" name="csafp" nullable="true" remarks="" size="3" type="varchar" typeCode="12"/>
         <column autoUpdated="false" defaultValue="null" digits="0" id="11" name="cbsafp" nullable="true" remarks="" size="5" type="varchar" typeCode="12"/>
         <column autoUpdated="false" defaultValue="null" digits="0" id="12" name="metdivfp" nullable="true" remarks="" size="5" type="varchar" typeCode="12"/>
         <column autoUpdated="false" defaultValue="null" digits="0" id="13" name="funcstat" nullable="true" remarks="" size="1" type="varchar" typeCode="12"/>
         <column autoUpdated="false" defaultValue="null" digits="0" id="14" name="aland" nullable="true" remarks="" size="19" type="int8" typeCode="-5"/>
         <column autoUpdated="false" defaultValue="null" digits="17" id="15" name="awater" nullable="true" remarks="" size="17" type="float8" typeCode="8"/>
         <column autoUpdated="false" defaultValue="null" digits="0" id="16" name="intptlat" nullable="true" remarks="" size="11" type="varchar" typeCode="12"/>
         <column autoUpdated="false" defaultValue="null" digits="0" id="17" name="intptlon" nullable="true" remarks="" size="12" type="varchar" typeCode="12"/>
         <column autoUpdated="false" defaultValue="null" digits="0" id="18" name="the_geom" nullable="true" remarks="" size="2147483647" type="geometry" typeCode="1111"/>
         <primaryKey column="cntyidfp" sequenceNumberInPK="1"/>
         <index name="pk_tiger_county" unique="true">
            <column ascending="true" name="cntyidfp"/>
         </index>
         <index name="idx_tiger_county" unique="false">
            <column ascending="true" name="countyfp"/>
         </index>
         <index name="uidx_county_gid" unique="true">
            <column ascending="true" name="gid"/>
         </index>
      </table>
      <table catalog="postgres" name="county_lookup" remarks="" schema="tiger" type="TABLE">
         <column autoUpdated="false" defaultValue="null" digits="0" id="0" name="st_code" nullable="false" remarks="" size="10" type="int4" typeCode="4"/>
         <column autoUpdated="false" defaultValue="null" digits="0" id="1" name="state" nullable="true" remarks="" size="2" type="varchar" typeCode="12"/>
         <column autoUpdated="false" defaultValue="null" digits="0" id="2" name="co_code" nullable="false" remarks="" size="10" type="int4" typeCode="4"/>
         <column autoUpdated="false" defaultValue="null" digits="0" id="3" name="name" nullable="true" remarks="" size="90" type="varchar" typeCode="12"/>
         <primaryKey column="st_code" sequenceNumberInPK="1"/>
         <primaryKey column="co_code" sequenceNumberInPK="2"/>
         <index name="county_lookup_pkey" unique="true">
            <column ascending="true" name="st_code"/>
            <column ascending="true" name="co_code"/>
         </index>
         <index name="county_lookup_name_idx" unique="false"/>
         <index name="county_lookup_state_idx" unique="false">
            <column ascending="true" name="state"/>
         </index>
      </table>
      <table catalog="postgres" name="countysub_lookup" remarks="" schema="tiger" type="TABLE">
         <column autoUpdated="false" defaultValue="null" digits="0" id="0" name="st_code" nullable="false" remarks="" size="10" type="int4" typeCode="4"/>
         <column autoUpdated="false" defaultValue="null" digits="0" id="1" name="state" nullable="true" remarks="" size="2" type="varchar" typeCode="12"/>
         <column autoUpdated="false" defaultValue="null" digits="0" id="2" name="co_code" nullable="false" remarks="" size="10" type="int4" typeCode="4"/>
         <column autoUpdated="false" defaultValue="null" digits="0" id="3" name="county" nullable="true" remarks="" size="90" type="varchar" typeCode="12"/>
         <column autoUpdated="false" defaultValue="null" digits="0" id="4" name="cs_code" nullable="false" remarks="" size="10" type="int4" typeCode="4"/>
         <column autoUpdated="false" defaultValue="null" digits="0" id="5" name="name" nullable="true" remarks="" size="90" type="varchar" typeCode="12"/>
         <primaryKey column="st_code" sequenceNumberInPK="1"/>
         <primaryKey column="co_code" sequenceNumberInPK="2"/>
         <primaryKey column="cs_code" sequenceNumberInPK="3"/>
         <index name="countysub_lookup_pkey" unique="true">
            <column ascending="true" name="st_code"/>
            <column ascending="true" name="co_code"/>
            <column ascending="true" name="cs_code"/>
         </index>
         <index name="countysub_lookup_name_idx" unique="false"/>
         <index name="countysub_lookup_state_idx" unique="false">
            <column ascending="true" name="state"/>
         </index>
      </table>
      <table catalog="postgres" name="cousub" remarks="" schema="tiger" type="TABLE">
         <column autoUpdated="true" defaultValue="nextval('cousub_gid_seq'::regclass)" digits="0" id="0" name="gid" nullable="false" remarks="" size="10" type="serial" typeCode="4"/>
         <column autoUpdated="false" defaultValue="null" digits="0" id="1" name="statefp" nullable="true" remarks="" size="2" type="varchar" typeCode="12">
            <parent catalog="postgres" column="statefp" foreignKey="Implied Constraint" implied="true" onDeleteCascade="false" schema="tiger" table="state"/>
         </column>
         <column autoUpdated="false" defaultValue="null" digits="0" id="2" name="countyfp" nullable="true" remarks="" size="3" type="varchar" typeCode="12"/>
         <column autoUpdated="false" defaultValue="null" digits="0" id="3" name="cousubfp" nullable="true" remarks="" size="5" type="varchar" typeCode="12"/>
         <column autoUpdated="false" defaultValue="null" digits="0" id="4" name="cousubns" nullable="true" remarks="" size="8" type="varchar" typeCode="12"/>
         <column autoUpdated="false" defaultValue="null" digits="0" id="5" name="cosbidfp" nullable="false" remarks="" size="10" type="varchar" typeCode="12"/>
         <column autoUpdated="false" defaultValue="null" digits="0" id="6" name="name" nullable="true" remarks="" size="100" type="varchar" typeCode="12"/>
         <column autoUpdated="false" defaultValue="null" digits="0" id="7" name="namelsad" nullable="true" remarks="" size="100" type="varchar" typeCode="12"/>
         <column autoUpdated="false" defaultValue="null" digits="0" id="8" name="lsad" nullable="true" remarks="" size="2" type="varchar" typeCode="12"/>
         <column autoUpdated="false" defaultValue="null" digits="0" id="9" name="classfp" nullable="true" remarks="" size="2" type="varchar" typeCode="12"/>
         <column autoUpdated="false" defaultValue="null" digits="0" id="10" name="mtfcc" nullable="true" remarks="" size="5" type="varchar" typeCode="12"/>
         <column autoUpdated="false" defaultValue="null" digits="0" id="11" name="cnectafp" nullable="true" remarks="" size="3" type="varchar" typeCode="12"/>
         <column autoUpdated="false" defaultValue="null" digits="0" id="12" name="nectafp" nullable="true" remarks="" size="5" type="varchar" typeCode="12"/>
         <column autoUpdated="false" defaultValue="null" digits="0" id="13" name="nctadvfp" nullable="true" remarks="" size="5" type="varchar" typeCode="12"/>
         <column autoUpdated="false" defaultValue="null" digits="0" id="14" name="funcstat" nullable="true" remarks="" size="1" type="varchar" typeCode="12"/>
         <column autoUpdated="false" defaultValue="null" digits="0" id="15" name="aland" nullable="true" remarks="" size="14" type="numeric" typeCode="2"/>
         <column autoUpdated="false" defaultValue="null" digits="0" id="16" name="awater" nullable="true" remarks="" size="14" type="numeric" typeCode="2"/>
         <column autoUpdated="false" defaultValue="null" digits="0" id="17" name="intptlat" nullable="true" remarks="" size="11" type="varchar" typeCode="12"/>
         <column autoUpdated="false" defaultValue="null" digits="0" id="18" name="intptlon" nullable="true" remarks="" size="12" type="varchar" typeCode="12"/>
         <column autoUpdated="false" defaultValue="null" digits="0" id="19" name="the_geom" nullable="true" remarks="" size="2147483647" type="geometry" typeCode="1111"/>
         <primaryKey column="cosbidfp" sequenceNumberInPK="1"/>
         <index name="cousub_pkey" unique="true">
            <column ascending="true" name="cosbidfp"/>
         </index>
         <index name="tige_cousub_the_geom_gist" unique="false">
            <column ascending="true" name="the_geom"/>
         </index>
         <index name="uidx_cousub_gid" unique="true">
            <column ascending="true" name="gid"/>
         </index>
      </table>
      <table catalog="postgres" name="direction_lookup" numRows="28" remarks="" schema="tiger" type="TABLE">
         <column autoUpdated="false" defaultValue="null" digits="0" id="0" name="name" nullable="false" remarks="" size="20" type="varchar" typeCode="12"/>
         <column autoUpdated="false" defaultValue="null" digits="0" id="1" name="abbrev" nullable="true" remarks="" size="3" type="varchar" typeCode="12"/>
         <primaryKey column="name" sequenceNumberInPK="1"/>
         <index name="direction_lookup_pkey" unique="true">
            <column ascending="true" name="name"/>
         </index>
         <index name="direction_lookup_abbrev_idx" unique="false">
            <column ascending="true" name="abbrev"/>
         </index>
      </table>
      <table catalog="postgres" name="edges" remarks="" schema="tiger" type="TABLE">
         <column autoUpdated="true" defaultValue="nextval('edges_gid_seq'::regclass)" digits="0" id="0" name="gid" nullable="false" remarks="" size="10" type="serial" typeCode="4"/>
         <column autoUpdated="false" defaultValue="null" digits="0" id="1" name="statefp" nullable="true" remarks="" size="2" type="varchar" typeCode="12">
            <parent catalog="postgres" column="statefp" foreignKey="Implied Constraint" implied="true" onDeleteCascade="false" schema="tiger" table="state"/>
         </column>
         <column autoUpdated="false" defaultValue="null" digits="0" id="2" name="countyfp" nullable="true" remarks="" size="3" type="varchar" typeCode="12"/>
         <column autoUpdated="false" defaultValue="null" digits="0" id="3" name="tlid" nullable="true" remarks="" size="19" type="int8" typeCode="-5"/>
         <column autoUpdated="false" defaultValue="null" digits="0" id="4" name="tfidl" nullable="true" remarks="" size="10" type="numeric" typeCode="2"/>
         <column autoUpdated="false" defaultValue="null" digits="0" id="5" name="tfidr" nullable="true" remarks="" size="10" type="numeric" typeCode="2"/>
         <column autoUpdated="false" defaultValue="null" digits="0" id="6" name="mtfcc" nullable="true" remarks="" size="5" type="varchar" typeCode="12"/>
         <column autoUpdated="false" defaultValue="null" digits="0" id="7" name="fullname" nullable="true" remarks="" size="100" type="varchar" typeCode="12"/>
         <column autoUpdated="false" defaultValue="null" digits="0" id="8" name="smid" nullable="true" remarks="" size="22" type="varchar" typeCode="12"/>
         <column autoUpdated="false" defaultValue="null" digits="0" id="9" name="lfromadd" nullable="true" remarks="" size="12" type="varchar" typeCode="12"/>
         <column autoUpdated="false" defaultValue="null" digits="0" id="10" name="ltoadd" nullable="true" remarks="" size="12" type="varchar" typeCode="12"/>
         <column autoUpdated="false" defaultValue="null" digits="0" id="11" name="rfromadd" nullable="true" remarks="" size="12" type="varchar" typeCode="12"/>
         <column autoUpdated="false" defaultValue="null" digits="0" id="12" name="rtoadd" nullable="true" remarks="" size="12" type="varchar" typeCode="12"/>
         <column autoUpdated="false" defaultValue="null" digits="0" id="13" name="zipl" nullable="true" remarks="" size="5" type="varchar" typeCode="12"/>
         <column autoUpdated="false" defaultValue="null" digits="0" id="14" name="zipr" nullable="true" remarks="" size="5" type="varchar" typeCode="12"/>
         <column autoUpdated="false" defaultValue="null" digits="0" id="15" name="featcat" nullable="true" remarks="" size="1" type="varchar" typeCode="12"/>
         <column autoUpdated="false" defaultValue="null" digits="0" id="16" name="hydroflg" nullable="true" remarks="" size="1" type="varchar" typeCode="12"/>
         <column autoUpdated="false" defaultValue="null" digits="0" id="17" name="railflg" nullable="true" remarks="" size="1" type="varchar" typeCode="12"/>
         <column autoUpdated="false" defaultValue="null" digits="0" id="18" name="roadflg" nullable="true" remarks="" size="1" type="varchar" typeCode="12"/>
         <column autoUpdated="false" defaultValue="null" digits="0" id="19" name="olfflg" nullable="true" remarks="" size="1" type="varchar" typeCode="12"/>
         <column autoUpdated="false" defaultValue="null" digits="0" id="20" name="passflg" nullable="true" remarks="" size="1" type="varchar" typeCode="12"/>
         <column autoUpdated="false" defaultValue="null" digits="0" id="21" name="divroad" nullable="true" remarks="" size="1" type="varchar" typeCode="12"/>
         <column autoUpdated="false" defaultValue="null" digits="0" id="22" name="exttyp" nullable="true" remarks="" size="1" type="varchar" typeCode="12"/>
         <column autoUpdated="false" defaultValue="null" digits="0" id="23" name="ttyp" nullable="true" remarks="" size="1" type="varchar" typeCode="12"/>
         <column autoUpdated="false" defaultValue="null" digits="0" id="24" name="deckedroad" nullable="true" remarks="" size="1" type="varchar" typeCode="12"/>
         <column autoUpdated="false" defaultValue="null" digits="0" id="25" name="artpath" nullable="true" remarks="" size="1" type="varchar" typeCode="12"/>
         <column autoUpdated="false" defaultValue="null" digits="0" id="26" name="persist" nullable="true" remarks="" size="1" type="varchar" typeCode="12"/>
         <column autoUpdated="false" defaultValue="null" digits="0" id="27" name="gcseflg" nullable="true" remarks="" size="1" type="varchar" typeCode="12"/>
         <column autoUpdated="false" defaultValue="null" digits="0" id="28" name="offsetl" nullable="true" remarks="" size="1" type="varchar" typeCode="12"/>
         <column autoUpdated="false" defaultValue="null" digits="0" id="29" name="offsetr" nullable="true" remarks="" size="1" type="varchar" typeCode="12"/>
         <column autoUpdated="false" defaultValue="null" digits="0" id="30" name="tnidf" nullable="true" remarks="" size="10" type="numeric" typeCode="2"/>
         <column autoUpdated="false" defaultValue="null" digits="0" id="31" name="tnidt" nullable="true" remarks="" size="10" type="numeric" typeCode="2"/>
         <column autoUpdated="false" defaultValue="null" digits="0" id="32" name="the_geom" nullable="true" remarks="" size="2147483647" type="geometry" typeCode="1111"/>
         <primaryKey column="gid" sequenceNumberInPK="1"/>
         <index name="edges_pkey" unique="true">
            <column ascending="true" name="gid"/>
         </index>
         <index name="idx_edges_tlid" unique="false">
            <column ascending="true" name="tlid"/>
         </index>
         <index name="idx_tiger_edges_countyfp" unique="false">
            <column ascending="true" name="countyfp"/>
         </index>
         <index name="idx_tiger_edges_the_geom_gist" unique="false">
            <column ascending="true" name="the_geom"/>
         </index>
      </table>
      <table catalog="postgres" name="faces" remarks="" schema="tiger" type="TABLE">
         <column autoUpdated="true" defaultValue="nextval('faces_gid_seq'::regclass)" digits="0" id="0" name="gid" nullable="false" remarks="" size="10" type="serial" typeCode="4"/>
         <column autoUpdated="false" defaultValue="null" digits="0" id="1" name="tfid" nullable="true" remarks="" size="10" type="numeric" typeCode="2"/>
         <column autoUpdated="false" defaultValue="null" digits="0" id="2" name="statefp00" nullable="true" remarks="" size="2" type="varchar" typeCode="12"/>
         <column autoUpdated="false" defaultValue="null" digits="0" id="3" name="countyfp00" nullable="true" remarks="" size="3" type="varchar" typeCode="12"/>
         <column autoUpdated="false" defaultValue="null" digits="0" id="4" name="tractce00" nullable="true" remarks="" size="6" type="varchar" typeCode="12"/>
         <column autoUpdated="false" defaultValue="null" digits="0" id="5" name="blkgrpce00" nullable="true" remarks="" size="1" type="varchar" typeCode="12"/>
         <column autoUpdated="false" defaultValue="null" digits="0" id="6" name="blockce00" nullable="true" remarks="" size="4" type="varchar" typeCode="12"/>
         <column autoUpdated="false" defaultValue="null" digits="0" id="7" name="cousubfp00" nullable="true" remarks="" size="5" type="varchar" typeCode="12"/>
         <column autoUpdated="false" defaultValue="null" digits="0" id="8" name="submcdfp00" nullable="true" remarks="" size="5" type="varchar" typeCode="12"/>
         <column autoUpdated="false" defaultValue="null" digits="0" id="9" name="conctyfp00" nullable="true" remarks="" size="5" type="varchar" typeCode="12"/>
         <column autoUpdated="false" defaultValue="null" digits="0" id="10" name="placefp00" nullable="true" remarks="" size="5" type="varchar" typeCode="12"/>
         <column autoUpdated="false" defaultValue="null" digits="0" id="11" name="aiannhfp00" nullable="true" remarks="" size="5" type="varchar" typeCode="12"/>
         <column autoUpdated="false" defaultValue="null" digits="0" id="12" name="aiannhce00" nullable="true" remarks="" size="4" type="varchar" typeCode="12"/>
         <column autoUpdated="false" defaultValue="null" digits="0" id="13" name="comptyp00" nullable="true" remarks="" size="1" type="varchar" typeCode="12"/>
         <column autoUpdated="false" defaultValue="null" digits="0" id="14" name="trsubfp00" nullable="true" remarks="" size="5" type="varchar" typeCode="12"/>
         <column autoUpdated="false" defaultValue="null" digits="0" id="15" name="trsubce00" nullable="true" remarks="" size="3" type="varchar" typeCode="12"/>
         <column autoUpdated="false" defaultValue="null" digits="0" id="16" name="anrcfp00" nullable="true" remarks="" size="5" type="varchar" typeCode="12"/>
         <column autoUpdated="false" defaultValue="null" digits="0" id="17" name="elsdlea00" nullable="true" remarks="" size="5" type="varchar" typeCode="12"/>
         <column autoUpdated="false" defaultValue="null" digits="0" id="18" name="scsdlea00" nullable="true" remarks="" size="5" type="varchar" typeCode="12"/>
         <column autoUpdated="false" defaultValue="null" digits="0" id="19" name="unsdlea00" nullable="true" remarks="" size="5" type="varchar" typeCode="12"/>
         <column autoUpdated="false" defaultValue="null" digits="0" id="20" name="uace00" nullable="true" remarks="" size="5" type="varchar" typeCode="12"/>
         <column autoUpdated="false" defaultValue="null" digits="0" id="21" name="cd108fp" nullable="true" remarks="" size="2" type="varchar" typeCode="12"/>
         <column autoUpdated="false" defaultValue="null" digits="0" id="22" name="sldust00" nullable="true" remarks="" size="3" type="varchar" typeCode="12"/>
         <column autoUpdated="false" defaultValue="null" digits="0" id="23" name="sldlst00" nullable="true" remarks="" size="3" type="varchar" typeCode="12"/>
         <column autoUpdated="false" defaultValue="null" digits="0" id="24" name="vtdst00" nullable="true" remarks="" size="6" type="varchar" typeCode="12"/>
         <column autoUpdated="false" defaultValue="null" digits="0" id="25" name="zcta5ce00" nullable="true" remarks="" size="5" type="varchar" typeCode="12"/>
         <column autoUpdated="false" defaultValue="null" digits="0" id="26" name="tazce00" nullable="true" remarks="" size="6" type="varchar" typeCode="12"/>
         <column autoUpdated="false" defaultValue="null" digits="0" id="27" name="ugace00" nullable="true" remarks="" size="5" type="varchar" typeCode="12"/>
         <column autoUpdated="false" defaultValue="null" digits="0" id="28" name="puma5ce00" nullable="true" remarks="" size="5" type="varchar" typeCode="12"/>
         <column autoUpdated="false" defaultValue="null" digits="0" id="29" name="statefp" nullable="true" remarks="" size="2" type="varchar" typeCode="12">
            <parent catalog="postgres" column="statefp" foreignKey="Implied Constraint" implied="true" onDeleteCascade="false" schema="tiger" table="state"/>
         </column>
         <column autoUpdated="false" defaultValue="null" digits="0" id="30" name="countyfp" nullable="true" remarks="" size="3" type="varchar" typeCode="12"/>
         <column autoUpdated="false" defaultValue="null" digits="0" id="31" name="tractce" nullable="true" remarks="" size="6" type="varchar" typeCode="12"/>
         <column autoUpdated="false" defaultValue="null" digits="0" id="32" name="blkgrpce" nullable="true" remarks="" size="1" type="varchar" typeCode="12"/>
         <column autoUpdated="false" defaultValue="null" digits="0" id="33" name="blockce" nullable="true" remarks="" size="4" type="varchar" typeCode="12"/>
         <column autoUpdated="false" defaultValue="null" digits="0" id="34" name="cousubfp" nullable="true" remarks="" size="5" type="varchar" typeCode="12"/>
         <column autoUpdated="false" defaultValue="null" digits="0" id="35" name="submcdfp" nullable="true" remarks="" size="5" type="varchar" typeCode="12"/>
         <column autoUpdated="false" defaultValue="null" digits="0" id="36" name="conctyfp" nullable="true" remarks="" size="5" type="varchar" typeCode="12"/>
         <column autoUpdated="false" defaultValue="null" digits="0" id="37" name="placefp" nullable="true" remarks="" size="5" type="varchar" typeCode="12"/>
         <column autoUpdated="false" defaultValue="null" digits="0" id="38" name="aiannhfp" nullable="true" remarks="" size="5" type="varchar" typeCode="12"/>
         <column autoUpdated="false" defaultValue="null" digits="0" id="39" name="aiannhce" nullable="true" remarks="" size="4" type="varchar" typeCode="12"/>
         <column autoUpdated="false" defaultValue="null" digits="0" id="40" name="comptyp" nullable="true" remarks="" size="1" type="varchar" typeCode="12"/>
         <column autoUpdated="false" defaultValue="null" digits="0" id="41" name="trsubfp" nullable="true" remarks="" size="5" type="varchar" typeCode="12"/>
         <column autoUpdated="false" defaultValue="null" digits="0" id="42" name="trsubce" nullable="true" remarks="" size="3" type="varchar" typeCode="12"/>
         <column autoUpdated="false" defaultValue="null" digits="0" id="43" name="anrcfp" nullable="true" remarks="" size="5" type="varchar" typeCode="12"/>
         <column autoUpdated="false" defaultValue="null" digits="0" id="44" name="ttractce" nullable="true" remarks="" size="6" type="varchar" typeCode="12"/>
         <column autoUpdated="false" defaultValue="null" digits="0" id="45" name="tblkgpce" nullable="true" remarks="" size="1" type="varchar" typeCode="12"/>
         <column autoUpdated="false" defaultValue="null" digits="0" id="46" name="elsdlea" nullable="true" remarks="" size="5" type="varchar" typeCode="12"/>
         <column autoUpdated="false" defaultValue="null" digits="0" id="47" name="scsdlea" nullable="true" remarks="" size="5" type="varchar" typeCode="12"/>
         <column autoUpdated="false" defaultValue="null" digits="0" id="48" name="unsdlea" nullable="true" remarks="" size="5" type="varchar" typeCode="12"/>
         <column autoUpdated="false" defaultValue="null" digits="0" id="49" name="uace" nullable="true" remarks="" size="5" type="varchar" typeCode="12"/>
         <column autoUpdated="false" defaultValue="null" digits="0" id="50" name="cd111fp" nullable="true" remarks="" size="2" type="varchar" typeCode="12"/>
         <column autoUpdated="false" defaultValue="null" digits="0" id="51" name="sldust" nullable="true" remarks="" size="3" type="varchar" typeCode="12"/>
         <column autoUpdated="false" defaultValue="null" digits="0" id="52" name="sldlst" nullable="true" remarks="" size="3" type="varchar" typeCode="12"/>
         <column autoUpdated="false" defaultValue="null" digits="0" id="53" name="vtdst" nullable="true" remarks="" size="6" type="varchar" typeCode="12"/>
         <column autoUpdated="false" defaultValue="null" digits="0" id="54" name="zcta5ce" nullable="true" remarks="" size="5" type="varchar" typeCode="12"/>
         <column autoUpdated="false" defaultValue="null" digits="0" id="55" name="tazce" nullable="true" remarks="" size="6" type="varchar" typeCode="12"/>
         <column autoUpdated="false" defaultValue="null" digits="0" id="56" name="ugace" nullable="true" remarks="" size="5" type="varchar" typeCode="12"/>
         <column autoUpdated="false" defaultValue="null" digits="0" id="57" name="puma5ce" nullable="true" remarks="" size="5" type="varchar" typeCode="12"/>
         <column autoUpdated="false" defaultValue="null" digits="0" id="58" name="csafp" nullable="true" remarks="" size="3" type="varchar" typeCode="12"/>
         <column autoUpdated="false" defaultValue="null" digits="0" id="59" name="cbsafp" nullable="true" remarks="" size="5" type="varchar" typeCode="12"/>
         <column autoUpdated="false" defaultValue="null" digits="0" id="60" name="metdivfp" nullable="true" remarks="" size="5" type="varchar" typeCode="12"/>
         <column autoUpdated="false" defaultValue="null" digits="0" id="61" name="cnectafp" nullable="true" remarks="" size="3" type="varchar" typeCode="12"/>
         <column autoUpdated="false" defaultValue="null" digits="0" id="62" name="nectafp" nullable="true" remarks="" size="5" type="varchar" typeCode="12"/>
         <column autoUpdated="false" defaultValue="null" digits="0" id="63" name="nctadvfp" nullable="true" remarks="" size="5" type="varchar" typeCode="12"/>
         <column autoUpdated="false" defaultValue="null" digits="0" id="64" name="lwflag" nullable="true" remarks="" size="1" type="varchar" typeCode="12"/>
         <column autoUpdated="false" defaultValue="null" digits="0" id="65" name="offset" nullable="true" remarks="" size="1" type="varchar" typeCode="12"/>
         <column autoUpdated="false" defaultValue="null" digits="17" id="66" name="atotal" nullable="true" remarks="" size="17" type="float8" typeCode="8"/>
         <column autoUpdated="false" defaultValue="null" digits="0" id="67" name="intptlat" nullable="true" remarks="" size="11" type="varchar" typeCode="12"/>
         <column autoUpdated="false" defaultValue="null" digits="0" id="68" name="intptlon" nullable="true" remarks="" size="12" type="varchar" typeCode="12"/>
         <column autoUpdated="false" defaultValue="null" digits="0" id="69" name="the_geom" nullable="true" remarks="" size="2147483647" type="geometry" typeCode="1111"/>
         <column autoUpdated="false" defaultValue="null" digits="0" id="70" name="tractce20" nullable="true" remarks="" size="6" type="varchar" typeCode="12"/>
         <column autoUpdated="false" defaultValue="null" digits="0" id="71" name="blkgrpce20" nullable="true" remarks="" size="1" type="varchar" typeCode="12"/>
         <column autoUpdated="false" defaultValue="null" digits="0" id="72" name="blockce20" nullable="true" remarks="" size="4" type="varchar" typeCode="12"/>
         <column autoUpdated="false" defaultValue="null" digits="0" id="73" name="countyfp20" nullable="true" remarks="" size="3" type="varchar" typeCode="12"/>
         <column autoUpdated="false" defaultValue="null" digits="0" id="74" name="statefp20" nullable="true" remarks="" size="2" type="varchar" typeCode="12"/>
         <primaryKey column="gid" sequenceNumberInPK="1"/>
         <index name="faces_pkey" unique="true">
            <column ascending="true" name="gid"/>
         </index>
         <index name="idx_tiger_faces_countyfp" unique="false">
            <column ascending="true" name="countyfp"/>
         </index>
         <index name="idx_tiger_faces_tfid" unique="false">
            <column ascending="true" name="tfid"/>
         </index>
         <index name="tiger_faces_the_geom_gist" unique="false">
            <column ascending="true" name="the_geom"/>
         </index>
      </table>
      <table catalog="postgres" name="featnames" remarks="" schema="tiger" type="TABLE">
         <column autoUpdated="true" defaultValue="nextval('featnames_gid_seq'::regclass)" digits="0" id="0" name="gid" nullable="false" remarks="" size="10" type="serial" typeCode="4"/>
         <column autoUpdated="false" defaultValue="null" digits="0" id="1" name="tlid" nullable="true" remarks="" size="19" type="int8" typeCode="-5"/>
         <column autoUpdated="false" defaultValue="null" digits="0" id="2" name="fullname" nullable="true" remarks="" size="100" type="varchar" typeCode="12"/>
         <column autoUpdated="false" defaultValue="null" digits="0" id="3" name="name" nullable="true" remarks="" size="100" type="varchar" typeCode="12"/>
         <column autoUpdated="false" defaultValue="null" digits="0" id="4" name="predirabrv" nullable="true" remarks="" size="15" type="varchar" typeCode="12"/>
         <column autoUpdated="false" defaultValue="null" digits="0" id="5" name="pretypabrv" nullable="true" remarks="" size="50" type="varchar" typeCode="12"/>
         <column autoUpdated="false" defaultValue="null" digits="0" id="6" name="prequalabr" nullable="true" remarks="" size="15" type="varchar" typeCode="12"/>
         <column autoUpdated="false" defaultValue="null" digits="0" id="7" name="sufdirabrv" nullable="true" remarks="" size="15" type="varchar" typeCode="12"/>
         <column autoUpdated="false" defaultValue="null" digits="0" id="8" name="suftypabrv" nullable="true" remarks="" size="50" type="varchar" typeCode="12"/>
         <column autoUpdated="false" defaultValue="null" digits="0" id="9" name="sufqualabr" nullable="true" remarks="" size="15" type="varchar" typeCode="12"/>
         <column autoUpdated="false" defaultValue="null" digits="0" id="10" name="predir" nullable="true" remarks="" size="2" type="varchar" typeCode="12"/>
         <column autoUpdated="false" defaultValue="null" digits="0" id="11" name="pretyp" nullable="true" remarks="" size="3" type="varchar" typeCode="12"/>
         <column autoUpdated="false" defaultValue="null" digits="0" id="12" name="prequal" nullable="true" remarks="" size="2" type="varchar" typeCode="12"/>
         <column autoUpdated="false" defaultValue="null" digits="0" id="13" name="sufdir" nullable="true" remarks="" size="2" type="varchar" typeCode="12"/>
         <column autoUpdated="false" defaultValue="null" digits="0" id="14" name="suftyp" nullable="true" remarks="" size="3" type="varchar" typeCode="12"/>
         <column autoUpdated="false" defaultValue="null" digits="0" id="15" name="sufqual" nullable="true" remarks="" size="2" type="varchar" typeCode="12"/>
         <column autoUpdated="false" defaultValue="null" digits="0" id="16" name="linearid" nullable="true" remarks="" size="22" type="varchar" typeCode="12"/>
         <column autoUpdated="false" defaultValue="null" digits="0" id="17" name="mtfcc" nullable="true" remarks="" size="5" type="varchar" typeCode="12"/>
         <column autoUpdated="false" defaultValue="null" digits="0" id="18" name="paflag" nullable="true" remarks="" size="1" type="varchar" typeCode="12"/>
         <column autoUpdated="false" defaultValue="null" digits="0" id="19" name="statefp" nullable="true" remarks="" size="2" type="varchar" typeCode="12">
            <parent catalog="postgres" column="statefp" foreignKey="Implied Constraint" implied="true" onDeleteCascade="false" schema="tiger" table="state"/>
         </column>
         <primaryKey column="gid" sequenceNumberInPK="1"/>
         <index name="featnames_pkey" unique="true">
            <column ascending="true" name="gid"/>
         </index>
         <index name="idx_tiger_featnames_lname" unique="false"/>
         <index name="idx_tiger_featnames_snd_name" unique="false"/>
         <index name="idx_tiger_featnames_tlid_statefp" unique="false">
            <column ascending="true" name="tlid"/>
            <column ascending="true" name="statefp"/>
         </index>
      </table>
      <table catalog="postgres" name="geocode_settings" remarks="" schema="tiger" type="TABLE">
         <column autoUpdated="false" defaultValue="null" digits="0" id="0" name="name" nullable="false" remarks="" size="2147483647" type="text" typeCode="12"/>
         <column autoUpdated="false" defaultValue="null" digits="0" id="1" name="setting" nullable="true" remarks="" size="2147483647" type="text" typeCode="12"/>
         <column autoUpdated="false" defaultValue="null" digits="0" id="2" name="unit" nullable="true" remarks="" size="2147483647" type="text" typeCode="12"/>
         <column autoUpdated="false" defaultValue="null" digits="0" id="3" name="category" nullable="true" remarks="" size="2147483647" type="text" typeCode="12"/>
         <column autoUpdated="false" defaultValue="null" digits="0" id="4" name="short_desc" nullable="true" remarks="" size="2147483647" type="text" typeCode="12"/>
         <primaryKey column="name" sequenceNumberInPK="1"/>
         <index name="geocode_settings_pkey" unique="true">
            <column ascending="true" name="name"/>
         </index>
      </table>
      <table catalog="postgres" name="geocode_settings_default" remarks="" schema="tiger" type="TABLE">
         <column autoUpdated="false" defaultValue="null" digits="0" id="0" name="name" nullable="false" remarks="" size="2147483647" type="text" typeCode="12"/>
         <column autoUpdated="false" defaultValue="null" digits="0" id="1" name="setting" nullable="true" remarks="" size="2147483647" type="text" typeCode="12"/>
         <column autoUpdated="false" defaultValue="null" digits="0" id="2" name="unit" nullable="true" remarks="" size="2147483647" type="text" typeCode="12"/>
         <column autoUpdated="false" defaultValue="null" digits="0" id="3" name="category" nullable="true" remarks="" size="2147483647" type="text" typeCode="12"/>
         <column autoUpdated="false" defaultValue="null" digits="0" id="4" name="short_desc" nullable="true" remarks="" size="2147483647" type="text" typeCode="12"/>
         <primaryKey column="name" sequenceNumberInPK="1"/>
         <index name="geocode_settings_default_pkey" unique="true">
            <column ascending="true" name="name"/>
         </index>
      </table>
      <table catalog="postgres" name="loader_lookuptables" remarks="" schema="tiger" type="TABLE">
         <column autoUpdated="false" defaultValue="1000" digits="0" id="0" name="process_order" nullable="false" remarks="" size="10" type="int4" typeCode="4"/>
         <column autoUpdated="false" defaultValue="null" digits="0" id="1" name="lookup_name" nullable="false" remarks="This is the table name to inherit from and suffix of resulting output table -- how the table will be named --  edges here would mean -- ma_edges , pa_edges etc. except in the case of national tables. national level tables have no prefix" size="2147483647" type="text" typeCode="12"/>
         <column autoUpdated="false" defaultValue="null" digits="0" id="2" name="table_name" nullable="true" remarks="suffix of the tables to load e.g.  edges would load all tables like *edges.dbf(shp)  -- so tl_2010_42129_edges.dbf ." size="2147483647" type="text" typeCode="12"/>
         <column autoUpdated="false" defaultValue="true" digits="0" id="3" name="single_mode" nullable="false" remarks="" size="1" type="bool" typeCode="-7"/>
         <column autoUpdated="false" defaultValue="true" digits="0" id="4" name="load" nullable="false" remarks="Whether or not to load the table.  For states and zcta5 (you may just want to download states10, zcta510 nationwide file manually) load your own into a single table that inherits from tiger.states, tiger.zcta5.  You'll get improved performance for some geocoding cases." size="1" type="bool" typeCode="-7"/>
         <column autoUpdated="false" defaultValue="false" digits="0" id="5" name="level_county" nullable="false" remarks="" size="1" type="bool" typeCode="-7"/>
         <column autoUpdated="false" defaultValue="false" digits="0" id="6" name="level_state" nullable="false" remarks="" size="1" type="bool" typeCode="-7"/>
         <column autoUpdated="false" defaultValue="false" digits="0" id="7" name="level_nation" nullable="false" remarks="These are tables that contain all data for the whole US so there is just a single file" size="1" type="bool" typeCode="-7"/>
         <column autoUpdated="false" defaultValue="null" digits="0" id="8" name="post_load_process" nullable="true" remarks="" size="2147483647" type="text" typeCode="12"/>
         <column autoUpdated="false" defaultValue="false" digits="0" id="9" name="single_geom_mode" nullable="true" remarks="" size="1" type="bool" typeCode="-7"/>
         <column autoUpdated="false" defaultValue="'c'::bpchar" digits="0" id="10" name="insert_mode" nullable="false" remarks="" size="1" type="bpchar" typeCode="1"/>
         <column autoUpdated="false" defaultValue="null" digits="0" id="11" name="pre_load_process" nullable="true" remarks="" size="2147483647" type="text" typeCode="12"/>
         <column autoUpdated="false" defaultValue="null" digits="0" id="12" name="columns_exclude" nullable="true" remarks="List of columns to exclude as an array. This is excluded from both input table and output table and rest of columns remaining are assumed to be in same order in both tables. gid, geoid,cpi,suffix1ce are excluded if no columns are specified." size="2147483647" type="_text" typeCode="2003"/>
         <column autoUpdated="false" defaultValue="null" digits="0" id="13" name="website_root_override" nullable="true" remarks="Path to use for wget instead of that specified in year table.  Needed currently for zcta where they release that only for 2000 and 2010" size="2147483647" type="text" typeCode="12"/>
         <primaryKey column="lookup_name" sequenceNumberInPK="1"/>
         <index name="loader_lookuptables_pkey" unique="true">
            <column ascending="true" name="lookup_name"/>
         </index>
      </table>
      <table catalog="postgres" name="loader_platform" remarks="" schema="tiger" type="TABLE">
         <column autoUpdated="false" defaultValue="null" digits="0" id="0" name="os" nullable="false" remarks="" size="50" type="varchar" typeCode="12"/>
         <column autoUpdated="false" defaultValue="null" digits="0" id="1" name="declare_sect" nullable="true" remarks="" size="2147483647" type="text" typeCode="12"/>
         <column autoUpdated="false" defaultValue="null" digits="0" id="2" name="pgbin" nullable="true" remarks="" size="2147483647" type="text" typeCode="12"/>
         <column autoUpdated="false" defaultValue="null" digits="0" id="3" name="wget" nullable="true" remarks="" size="2147483647" type="text" typeCode="12"/>
         <column autoUpdated="false" defaultValue="null" digits="0" id="4" name="unzip_command" nullable="true" remarks="" size="2147483647" type="text" typeCode="12"/>
         <column autoUpdated="false" defaultValue="null" digits="0" id="5" name="psql" nullable="true" remarks="" size="2147483647" type="text" typeCode="12"/>
         <column autoUpdated="false" defaultValue="null" digits="0" id="6" name="path_sep" nullable="true" remarks="" size="2147483647" type="text" typeCode="12"/>
         <column autoUpdated="false" defaultValue="null" digits="0" id="7" name="loader" nullable="true" remarks="" size="2147483647" type="text" typeCode="12"/>
         <column autoUpdated="false" defaultValue="null" digits="0" id="8" name="environ_set_command" nullable="true" remarks="" size="2147483647" type="text" typeCode="12"/>
         <column autoUpdated="false" defaultValue="null" digits="0" id="9" name="county_process_command" nullable="true" remarks="" size="2147483647" type="text" typeCode="12"/>
         <primaryKey column="os" sequenceNumberInPK="1"/>
         <index name="loader_platform_pkey" unique="true">
            <column ascending="true" name="os"/>
         </index>
      </table>
      <table catalog="postgres" name="loader_variables" remarks="" schema="tiger" type="TABLE">
         <column autoUpdated="false" defaultValue="null" digits="0" id="0" name="tiger_year" nullable="false" remarks="" size="4" type="varchar" typeCode="12"/>
         <column autoUpdated="false" defaultValue="null" digits="0" id="1" name="website_root" nullable="true" remarks="" size="2147483647" type="text" typeCode="12"/>
         <column autoUpdated="false" defaultValue="null" digits="0" id="2" name="staging_fold" nullable="true" remarks="" size="2147483647" type="text" typeCode="12"/>
         <column autoUpdated="false" defaultValue="null" digits="0" id="3" name="data_schema" nullable="true" remarks="" size="2147483647" type="text" typeCode="12"/>
         <column autoUpdated="false" defaultValue="null" digits="0" id="4" name="staging_schema" nullable="true" remarks="" size="2147483647" type="text" typeCode="12"/>
         <primaryKey column="tiger_year" sequenceNumberInPK="1"/>
         <index name="loader_variables_pkey" unique="true">
            <column ascending="true" name="tiger_year"/>
         </index>
      </table>
      <table catalog="postgres" name="pagc_gaz" numRows="835" remarks="" schema="tiger" type="TABLE">
         <column autoUpdated="true" defaultValue="nextval('pagc_gaz_id_seq'::regclass)" digits="0" id="0" name="id" nullable="false" remarks="" size="10" type="serial" typeCode="4"/>
         <column autoUpdated="false" defaultValue="null" digits="0" id="1" name="seq" nullable="true" remarks="" size="10" type="int4" typeCode="4"/>
         <column autoUpdated="false" defaultValue="null" digits="0" id="2" name="word" nullable="true" remarks="" size="2147483647" type="text" typeCode="12"/>
         <column autoUpdated="false" defaultValue="null" digits="0" id="3" name="stdword" nullable="true" remarks="" size="2147483647" type="text" typeCode="12"/>
         <column autoUpdated="false" defaultValue="null" digits="0" id="4" name="token" nullable="true" remarks="" size="10" type="int4" typeCode="4"/>
         <column autoUpdated="false" defaultValue="true" digits="0" id="5" name="is_custom" nullable="false" remarks="" size="1" type="bool" typeCode="-7"/>
         <primaryKey column="id" sequenceNumberInPK="1"/>
         <index name="pagc_gaz_pkey" unique="true">
            <column ascending="true" name="id"/>
         </index>
      </table>
      <table catalog="postgres" name="pagc_lex" numRows="2938" remarks="" schema="tiger" type="TABLE">
         <column autoUpdated="true" defaultValue="nextval('pagc_lex_id_seq'::regclass)" digits="0" id="0" name="id" nullable="false" remarks="" size="10" type="serial" typeCode="4"/>
         <column autoUpdated="false" defaultValue="null" digits="0" id="1" name="seq" nullable="true" remarks="" size="10" type="int4" typeCode="4"/>
         <column autoUpdated="false" defaultValue="null" digits="0" id="2" name="word" nullable="true" remarks="" size="2147483647" type="text" typeCode="12"/>
         <column autoUpdated="false" defaultValue="null" digits="0" id="3" name="stdword" nullable="true" remarks="" size="2147483647" type="text" typeCode="12"/>
         <column autoUpdated="false" defaultValue="null" digits="0" id="4" name="token" nullable="true" remarks="" size="10" type="int4" typeCode="4"/>
         <column autoUpdated="false" defaultValue="true" digits="0" id="5" name="is_custom" nullable="false" remarks="" size="1" type="bool" typeCode="-7"/>
         <primaryKey column="id" sequenceNumberInPK="1"/>
         <index name="pagc_lex_pkey" unique="true">
            <column ascending="true" name="id"/>
         </index>
      </table>
      <table catalog="postgres" name="pagc_rules" numRows="4354" remarks="" schema="tiger" type="TABLE">
         <column autoUpdated="true" defaultValue="nextval('pagc_rules_id_seq'::regclass)" digits="0" id="0" name="id" nullable="false" remarks="" size="10" type="serial" typeCode="4"/>
         <column autoUpdated="false" defaultValue="null" digits="0" id="1" name="rule" nullable="true" remarks="" size="2147483647" type="text" typeCode="12"/>
         <column autoUpdated="false" defaultValue="true" digits="0" id="2" name="is_custom" nullable="true" remarks="" size="1" type="bool" typeCode="-7"/>
         <primaryKey column="id" sequenceNumberInPK="1"/>
         <index name="pagc_rules_pkey" unique="true">
            <column ascending="true" name="id"/>
         </index>
      </table>
      <table catalog="postgres" name="place" remarks="" schema="tiger" type="TABLE">
         <column autoUpdated="true" defaultValue="nextval('place_gid_seq'::regclass)" digits="0" id="0" name="gid" nullable="false" remarks="" size="10" type="serial" typeCode="4"/>
         <column autoUpdated="false" defaultValue="null" digits="0" id="1" name="statefp" nullable="true" remarks="" size="2" type="varchar" typeCode="12">
            <parent catalog="postgres" column="statefp" foreignKey="Implied Constraint" implied="true" onDeleteCascade="false" schema="tiger" table="state"/>
         </column>
         <column autoUpdated="false" defaultValue="null" digits="0" id="2" name="placefp" nullable="true" remarks="" size="5" type="varchar" typeCode="12"/>
         <column autoUpdated="false" defaultValue="null" digits="0" id="3" name="placens" nullable="true" remarks="" size="8" type="varchar" typeCode="12"/>
         <column autoUpdated="false" defaultValue="null" digits="0" id="4" name="plcidfp" nullable="false" remarks="" size="7" type="varchar" typeCode="12"/>
         <column autoUpdated="false" defaultValue="null" digits="0" id="5" name="name" nullable="true" remarks="" size="100" type="varchar" typeCode="12"/>
         <column autoUpdated="false" defaultValue="null" digits="0" id="6" name="namelsad" nullable="true" remarks="" size="100" type="varchar" typeCode="12"/>
         <column autoUpdated="false" defaultValue="null" digits="0" id="7" name="lsad" nullable="true" remarks="" size="2" type="varchar" typeCode="12"/>
         <column autoUpdated="false" defaultValue="null" digits="0" id="8" name="classfp" nullable="true" remarks="" size="2" type="varchar" typeCode="12"/>
         <column autoUpdated="false" defaultValue="null" digits="0" id="9" name="cpi" nullable="true" remarks="" size="1" type="varchar" typeCode="12"/>
         <column autoUpdated="false" defaultValue="null" digits="0" id="10" name="pcicbsa" nullable="true" remarks="" size="1" type="varchar" typeCode="12"/>
         <column autoUpdated="false" defaultValue="null" digits="0" id="11" name="pcinecta" nullable="true" remarks="" size="1" type="varchar" typeCode="12"/>
         <column autoUpdated="false" defaultValue="null" digits="0" id="12" name="mtfcc" nullable="true" remarks="" size="5" type="varchar" typeCode="12"/>
         <column autoUpdated="false" defaultValue="null" digits="0" id="13" name="funcstat" nullable="true" remarks="" size="1" type="varchar" typeCode="12"/>
         <column autoUpdated="false" defaultValue="null" digits="0" id="14" name="aland" nullable="true" remarks="" size="19" type="int8" typeCode="-5"/>
         <column autoUpdated="false" defaultValue="null" digits="0" id="15" name="awater" nullable="true" remarks="" size="19" type="int8" typeCode="-5"/>
         <column autoUpdated="false" defaultValue="null" digits="0" id="16" name="intptlat" nullable="true" remarks="" size="11" type="varchar" typeCode="12"/>
         <column autoUpdated="false" defaultValue="null" digits="0" id="17" name="intptlon" nullable="true" remarks="" size="12" type="varchar" typeCode="12"/>
         <column autoUpdated="false" defaultValue="null" digits="0" id="18" name="the_geom" nullable="true" remarks="" size="2147483647" type="geometry" typeCode="1111"/>
         <primaryKey column="plcidfp" sequenceNumberInPK="1"/>
         <index name="place_pkey" unique="true">
            <column ascending="true" name="plcidfp"/>
         </index>
         <index name="tiger_place_the_geom_gist" unique="false">
            <column ascending="true" name="the_geom"/>
         </index>
         <index name="uidx_tiger_place_gid" unique="true">
            <column ascending="true" name="gid"/>
         </index>
      </table>
      <table catalog="postgres" name="place_lookup" remarks="" schema="tiger" type="TABLE">
         <column autoUpdated="false" defaultValue="null" digits="0" id="0" name="st_code" nullable="false" remarks="" size="10" type="int4" typeCode="4"/>
         <column autoUpdated="false" defaultValue="null" digits="0" id="1" name="state" nullable="true" remarks="" size="2" type="varchar" typeCode="12"/>
         <column autoUpdated="false" defaultValue="null" digits="0" id="2" name="pl_code" nullable="false" remarks="" size="10" type="int4" typeCode="4"/>
         <column autoUpdated="false" defaultValue="null" digits="0" id="3" name="name" nullable="true" remarks="" size="90" type="varchar" typeCode="12"/>
         <primaryKey column="st_code" sequenceNumberInPK="1"/>
         <primaryKey column="pl_code" sequenceNumberInPK="2"/>
         <index name="place_lookup_pkey" unique="true">
            <column ascending="true" name="st_code"/>
            <column ascending="true" name="pl_code"/>
         </index>
         <index name="place_lookup_name_idx" unique="false"/>
         <index name="place_lookup_state_idx" unique="false">
            <column ascending="true" name="state"/>
         </index>
      </table>
      <table catalog="postgres" name="secondary_unit_lookup" numRows="39" remarks="" schema="tiger" type="TABLE">
         <column autoUpdated="false" defaultValue="null" digits="0" id="0" name="name" nullable="false" remarks="" size="20" type="varchar" typeCode="12"/>
         <column autoUpdated="false" defaultValue="null" digits="0" id="1" name="abbrev" nullable="true" remarks="" size="5" type="varchar" typeCode="12"/>
         <primaryKey column="name" sequenceNumberInPK="1"/>
         <index name="secondary_unit_lookup_pkey" unique="true">
            <column ascending="true" name="name"/>
         </index>
         <index name="secondary_unit_lookup_abbrev_idx" unique="false">
            <column ascending="true" name="abbrev"/>
         </index>
      </table>
      <table catalog="postgres" name="state" remarks="" schema="tiger" type="TABLE">
         <column autoUpdated="true" defaultValue="nextval('state_gid_seq'::regclass)" digits="0" id="0" name="gid" nullable="false" remarks="" size="10" type="serial" typeCode="4"/>
         <column autoUpdated="false" defaultValue="null" digits="0" id="1" name="region" nullable="true" remarks="" size="2" type="varchar" typeCode="12"/>
         <column autoUpdated="false" defaultValue="null" digits="0" id="2" name="division" nullable="true" remarks="" size="2" type="varchar" typeCode="12"/>
         <column autoUpdated="false" defaultValue="null" digits="0" id="3" name="statefp" nullable="false" remarks="" size="2" type="varchar" typeCode="12">
            <child catalog="postgres" column="statefp" foreignKey="Implied Constraint" implied="true" onDeleteCascade="false" schema="tiger" table="addr"/>
            <child catalog="postgres" column="statefp" foreignKey="Implied Constraint" implied="true" onDeleteCascade="false" schema="tiger" table="addrfeat"/>
            <child catalog="postgres" column="statefp" foreignKey="Implied Constraint" implied="true" onDeleteCascade="false" schema="tiger" table="bg"/>
            <child catalog="postgres" column="statefp" foreignKey="Implied Constraint" implied="true" onDeleteCascade="false" schema="tiger" table="county"/>
            <child catalog="postgres" column="statefp" foreignKey="Implied Constraint" implied="true" onDeleteCascade="false" schema="tiger" table="cousub"/>
            <child catalog="postgres" column="statefp" foreignKey="Implied Constraint" implied="true" onDeleteCascade="false" schema="tiger" table="edges"/>
            <child catalog="postgres" column="statefp" foreignKey="Implied Constraint" implied="true" onDeleteCascade="false" schema="tiger" table="faces"/>
            <child catalog="postgres" column="statefp" foreignKey="Implied Constraint" implied="true" onDeleteCascade="false" schema="tiger" table="featnames"/>
            <child catalog="postgres" column="statefp" foreignKey="Implied Constraint" implied="true" onDeleteCascade="false" schema="tiger" table="place"/>
            <child catalog="postgres" column="statefp" foreignKey="Implied Constraint" implied="true" onDeleteCascade="false" schema="tiger" table="tabblock"/>
            <child catalog="postgres" column="statefp" foreignKey="Implied Constraint" implied="true" onDeleteCascade="false" schema="tiger" table="tabblock20"/>
            <child catalog="postgres" column="statefp" foreignKey="Implied Constraint" implied="true" onDeleteCascade="false" schema="tiger" table="tract"/>
            <child catalog="postgres" column="statefp" foreignKey="Implied Constraint" implied="true" onDeleteCascade="false" schema="tiger" table="zip_lookup_base"/>
            <child catalog="postgres" column="statefp" foreignKey="Implied Constraint" implied="true" onDeleteCascade="false" schema="tiger" table="zip_state"/>
            <child catalog="postgres" column="statefp" foreignKey="Implied Constraint" implied="true" onDeleteCascade="false" schema="tiger" table="zip_state_loc"/>
         </column>
         <column autoUpdated="false" defaultValue="null" digits="0" id="4" name="statens" nullable="true" remarks="" size="8" type="varchar" typeCode="12"/>
         <column autoUpdated="false" defaultValue="null" digits="0" id="5" name="stusps" nullable="false" remarks="" size="2" type="varchar" typeCode="12"/>
         <column autoUpdated="false" defaultValue="null" digits="0" id="6" name="name" nullable="true" remarks="" size="100" type="varchar" typeCode="12"/>
         <column autoUpdated="false" defaultValue="null" digits="0" id="7" name="lsad" nullable="true" remarks="" size="2" type="varchar" typeCode="12"/>
         <column autoUpdated="false" defaultValue="null" digits="0" id="8" name="mtfcc" nullable="true" remarks="" size="5" type="varchar" typeCode="12"/>
         <column autoUpdated="false" defaultValue="null" digits="0" id="9" name="funcstat" nullable="true" remarks="" size="1" type="varchar" typeCode="12"/>
         <column autoUpdated="false" defaultValue="null" digits="0" id="10" name="aland" nullable="true" remarks="" size="19" type="int8" typeCode="-5"/>
         <column autoUpdated="false" defaultValue="null" digits="0" id="11" name="awater" nullable="true" remarks="" size="19" type="int8" typeCode="-5"/>
         <column autoUpdated="false" defaultValue="null" digits="0" id="12" name="intptlat" nullable="true" remarks="" size="11" type="varchar" typeCode="12"/>
         <column autoUpdated="false" defaultValue="null" digits="0" id="13" name="intptlon" nullable="true" remarks="" size="12" type="varchar" typeCode="12"/>
         <column autoUpdated="false" defaultValue="null" digits="0" id="14" name="the_geom" nullable="true" remarks="" size="2147483647" type="geometry" typeCode="1111"/>
         <primaryKey column="statefp" sequenceNumberInPK="1"/>
         <index name="pk_tiger_state" unique="true">
            <column ascending="true" name="statefp"/>
         </index>
         <index name="idx_tiger_state_the_geom_gist" unique="false">
            <column ascending="true" name="the_geom"/>
         </index>
         <index name="uidx_tiger_state_gid" unique="true">
            <column ascending="true" name="gid"/>
         </index>
         <index name="uidx_tiger_state_stusps" unique="true">
            <column ascending="true" name="stusps"/>
         </index>
      </table>
      <table catalog="postgres" name="state_lookup" numRows="59" remarks="" schema="tiger" type="TABLE">
         <column autoUpdated="false" defaultValue="null" digits="0" id="0" name="st_code" nullable="false" remarks="" size="10" type="int4" typeCode="4">
            <child catalog="postgres" column="st_code" foreignKey="Implied Constraint" implied="true" onDeleteCascade="false" schema="tiger" table="zip_lookup"/>
            <child catalog="postgres" column="st_code" foreignKey="Implied Constraint" implied="true" onDeleteCascade="false" schema="tiger" table="zip_lookup_all"/>
         </column>
         <column autoUpdated="false" defaultValue="null" digits="0" id="1" name="name" nullable="true" remarks="" size="40" type="varchar" typeCode="12"/>
         <column autoUpdated="false" defaultValue="null" digits="0" id="2" name="abbrev" nullable="true" remarks="" size="3" type="varchar" typeCode="12"/>
         <column autoUpdated="false" defaultValue="null" digits="0" id="3" name="statefp" nullable="true" remarks="" size="2" type="bpchar" typeCode="1"/>
         <primaryKey column="st_code" sequenceNumberInPK="1"/>
         <index name="state_lookup_pkey" unique="true">
            <column ascending="true" name="st_code"/>
         </index>
         <index name="state_lookup_abbrev_key" unique="true">
            <column ascending="true" name="abbrev"/>
         </index>
         <index name="state_lookup_name_key" unique="true">
            <column ascending="true" name="name"/>
         </index>
         <index name="state_lookup_statefp_key" unique="true">
            <column ascending="true" name="statefp"/>
         </index>
      </table>
      <table catalog="postgres" name="street_type_lookup" numRows="609" remarks="" schema="tiger" type="TABLE">
         <column autoUpdated="false" defaultValue="null" digits="0" id="0" name="name" nullable="false" remarks="" size="50" type="varchar" typeCode="12"/>
         <column autoUpdated="false" defaultValue="null" digits="0" id="1" name="abbrev" nullable="true" remarks="" size="50" type="varchar" typeCode="12"/>
         <column autoUpdated="false" defaultValue="false" digits="0" id="2" name="is_hw" nullable="false" remarks="" size="1" type="bool" typeCode="-7"/>
         <primaryKey column="name" sequenceNumberInPK="1"/>
         <index name="street_type_lookup_pkey" unique="true">
            <column ascending="true" name="name"/>
         </index>
         <index name="street_type_lookup_abbrev_idx" unique="false">
            <column ascending="true" name="abbrev"/>
         </index>
      </table>
      <table catalog="postgres" name="tabblock" remarks="" schema="tiger" type="TABLE">
         <column autoUpdated="true" defaultValue="nextval('tabblock_gid_seq'::regclass)" digits="0" id="0" name="gid" nullable="false" remarks="" size="10" type="serial" typeCode="4"/>
         <column autoUpdated="false" defaultValue="null" digits="0" id="1" name="statefp" nullable="true" remarks="" size="2" type="varchar" typeCode="12">
            <parent catalog="postgres" column="statefp" foreignKey="Implied Constraint" implied="true" onDeleteCascade="false" schema="tiger" table="state"/>
         </column>
         <column autoUpdated="false" defaultValue="null" digits="0" id="2" name="countyfp" nullable="true" remarks="" size="3" type="varchar" typeCode="12"/>
         <column autoUpdated="false" defaultValue="null" digits="0" id="3" name="tractce" nullable="true" remarks="" size="6" type="varchar" typeCode="12"/>
         <column autoUpdated="false" defaultValue="null" digits="0" id="4" name="blockce" nullable="true" remarks="" size="4" type="varchar" typeCode="12"/>
         <column autoUpdated="false" defaultValue="null" digits="0" id="5" name="tabblock_id" nullable="false" remarks="" size="16" type="varchar" typeCode="12"/>
         <column autoUpdated="false" defaultValue="null" digits="0" id="6" name="name" nullable="true" remarks="" size="20" type="varchar" typeCode="12"/>
         <column autoUpdated="false" defaultValue="null" digits="0" id="7" name="mtfcc" nullable="true" remarks="" size="5" type="varchar" typeCode="12"/>
         <column autoUpdated="false" defaultValue="null" digits="0" id="8" name="ur" nullable="true" remarks="" size="1" type="varchar" typeCode="12"/>
         <column autoUpdated="false" defaultValue="null" digits="0" id="9" name="uace" nullable="true" remarks="" size="5" type="varchar" typeCode="12"/>
         <column autoUpdated="false" defaultValue="null" digits="0" id="10" name="funcstat" nullable="true" remarks="" size="1" type="varchar" typeCode="12"/>
         <column autoUpdated="false" defaultValue="null" digits="17" id="11" name="aland" nullable="true" remarks="" size="17" type="float8" typeCode="8"/>
         <column autoUpdated="false" defaultValue="null" digits="17" id="12" name="awater" nullable="true" remarks="" size="17" type="float8" typeCode="8"/>
         <column autoUpdated="false" defaultValue="null" digits="0" id="13" name="intptlat" nullable="true" remarks="" size="11" type="varchar" typeCode="12"/>
         <column autoUpdated="false" defaultValue="null" digits="0" id="14" name="intptlon" nullable="true" remarks="" size="12" type="varchar" typeCode="12"/>
         <column autoUpdated="false" defaultValue="null" digits="0" id="15" name="the_geom" nullable="true" remarks="" size="2147483647" type="geometry" typeCode="1111"/>
         <primaryKey column="tabblock_id" sequenceNumberInPK="1"/>
         <index name="tabblock_pkey" unique="true">
            <column ascending="true" name="tabblock_id"/>
         </index>
         <checkConstraint constraint="(st_ndims(the_geom) = 2)" name="enforce_dims_geom"/>
         <checkConstraint constraint="((geometrytype(the_geom) = 'MULTIPOLYGON'::text) OR (the_geom IS NULL))" name="enforce_geotype_geom"/>
         <checkConstraint constraint="(st_srid(the_geom) = 4269)" name="enforce_srid_geom"/>
      </table>
      <table catalog="postgres" name="tabblock20" remarks="" schema="tiger" type="TABLE">
         <column autoUpdated="false" defaultValue="null" digits="0" id="0" name="statefp" nullable="true" remarks="" size="2" type="varchar" typeCode="12">
            <parent catalog="postgres" column="statefp" foreignKey="Implied Constraint" implied="true" onDeleteCascade="false" schema="tiger" table="state"/>
         </column>
         <column autoUpdated="false" defaultValue="null" digits="0" id="1" name="countyfp" nullable="true" remarks="" size="3" type="varchar" typeCode="12"/>
         <column autoUpdated="false" defaultValue="null" digits="0" id="2" name="tractce" nullable="true" remarks="" size="6" type="varchar" typeCode="12"/>
         <column autoUpdated="false" defaultValue="null" digits="0" id="3" name="blockce" nullable="true" remarks="" size="4" type="varchar" typeCode="12"/>
         <column autoUpdated="false" defaultValue="null" digits="0" id="4" name="geoid" nullable="false" remarks="" size="15" type="varchar" typeCode="12"/>
         <column autoUpdated="false" defaultValue="null" digits="0" id="5" name="name" nullable="true" remarks="" size="10" type="varchar" typeCode="12"/>
         <column autoUpdated="false" defaultValue="null" digits="0" id="6" name="mtfcc" nullable="true" remarks="" size="5" type="varchar" typeCode="12"/>
         <column autoUpdated="false" defaultValue="null" digits="0" id="7" name="ur" nullable="true" remarks="" size="1" type="varchar" typeCode="12"/>
         <column autoUpdated="false" defaultValue="null" digits="0" id="8" name="uace" nullable="true" remarks="" size="5" type="varchar" typeCode="12"/>
         <column autoUpdated="false" defaultValue="null" digits="0" id="9" name="uatype" nullable="true" remarks="" size="1" type="varchar" typeCode="12"/>
         <column autoUpdated="false" defaultValue="null" digits="0" id="10" name="funcstat" nullable="true" remarks="" size="1" type="varchar" typeCode="12"/>
         <column autoUpdated="false" defaultValue="null" digits="17" id="11" name="aland" nullable="true" remarks="" size="17" type="float8" typeCode="8"/>
         <column autoUpdated="false" defaultValue="null" digits="17" id="12" name="awater" nullable="true" remarks="" size="17" type="float8" typeCode="8"/>
         <column autoUpdated="false" defaultValue="null" digits="0" id="13" name="intptlat" nullable="true" remarks="" size="11" type="varchar" typeCode="12"/>
         <column autoUpdated="false" defaultValue="null" digits="0" id="14" name="intptlon" nullable="true" remarks="" size="12" type="varchar" typeCode="12"/>
         <column autoUpdated="false" defaultValue="null" digits="0" id="15" name="the_geom" nullable="true" remarks="" size="2147483647" type="geometry" typeCode="1111"/>
         <column autoUpdated="false" defaultValue="null" digits="17" id="16" name="housing" nullable="true" remarks="" size="17" type="float8" typeCode="8"/>
         <column autoUpdated="false" defaultValue="null" digits="17" id="17" name="pop" nullable="true" remarks="" size="17" type="float8" typeCode="8"/>
         <primaryKey column="geoid" sequenceNumberInPK="1"/>
         <index name="pk_tabblock20" unique="true">
            <column ascending="true" name="geoid"/>
         </index>
      </table>
      <table catalog="postgres" name="tract" remarks="" schema="tiger" type="TABLE">
         <column autoUpdated="true" defaultValue="nextval('tract_gid_seq'::regclass)" digits="0" id="0" name="gid" nullable="false" remarks="" size="10" type="serial" typeCode="4"/>
         <column autoUpdated="false" defaultValue="null" digits="0" id="1" name="statefp" nullable="true" remarks="" size="2" type="varchar" typeCode="12">
            <parent catalog="postgres" column="statefp" foreignKey="Implied Constraint" implied="true" onDeleteCascade="false" schema="tiger" table="state"/>
         </column>
         <column autoUpdated="false" defaultValue="null" digits="0" id="2" name="countyfp" nullable="true" remarks="" size="3" type="varchar" typeCode="12"/>
         <column autoUpdated="false" defaultValue="null" digits="0" id="3" name="tractce" nullable="true" remarks="" size="6" type="varchar" typeCode="12"/>
         <column autoUpdated="false" defaultValue="null" digits="0" id="4" name="tract_id" nullable="false" remarks="" size="11" type="varchar" typeCode="12"/>
         <column autoUpdated="false" defaultValue="null" digits="0" id="5" name="name" nullable="true" remarks="" size="7" type="varchar" typeCode="12"/>
         <column autoUpdated="false" defaultValue="null" digits="0" id="6" name="namelsad" nullable="true" remarks="" size="20" type="varchar" typeCode="12"/>
         <column autoUpdated="false" defaultValue="null" digits="0" id="7" name="mtfcc" nullable="true" remarks="" size="5" type="varchar" typeCode="12"/>
         <column autoUpdated="false" defaultValue="null" digits="0" id="8" name="funcstat" nullable="true" remarks="" size="1" type="varchar" typeCode="12"/>
         <column autoUpdated="false" defaultValue="null" digits="17" id="9" name="aland" nullable="true" remarks="" size="17" type="float8" typeCode="8"/>
         <column autoUpdated="false" defaultValue="null" digits="17" id="10" name="awater" nullable="true" remarks="" size="17" type="float8" typeCode="8"/>
         <column autoUpdated="false" defaultValue="null" digits="0" id="11" name="intptlat" nullable="true" remarks="" size="11" type="varchar" typeCode="12"/>
         <column autoUpdated="false" defaultValue="null" digits="0" id="12" name="intptlon" nullable="true" remarks="" size="12" type="varchar" typeCode="12"/>
         <column autoUpdated="false" defaultValue="null" digits="0" id="13" name="the_geom" nullable="true" remarks="" size="2147483647" type="geometry" typeCode="1111"/>
         <primaryKey column="tract_id" sequenceNumberInPK="1"/>
         <index name="tract_pkey" unique="true">
            <column ascending="true" name="tract_id"/>
         </index>
         <checkConstraint constraint="(st_ndims(the_geom) = 2)" name="enforce_dims_geom"/>
         <checkConstraint constraint="((geometrytype(the_geom) = 'MULTIPOLYGON'::text) OR (the_geom IS NULL))" name="enforce_geotype_geom"/>
         <checkConstraint constraint="(st_srid(the_geom) = 4269)" name="enforce_srid_geom"/>
      </table>
      <table catalog="postgres" name="zcta5" remarks="" schema="tiger" type="TABLE">
         <column autoUpdated="true" defaultValue="nextval('zcta5_gid_seq'::regclass)" digits="0" id="0" name="gid" nullable="false" remarks="" size="10" type="serial" typeCode="4"/>
         <column autoUpdated="false" defaultValue="null" digits="0" id="1" name="statefp" nullable="false" remarks="" size="2" type="varchar" typeCode="12"/>
         <column autoUpdated="false" defaultValue="null" digits="0" id="2" name="zcta5ce" nullable="false" remarks="" size="5" type="varchar" typeCode="12"/>
         <column autoUpdated="false" defaultValue="null" digits="0" id="3" name="classfp" nullable="true" remarks="" size="2" type="varchar" typeCode="12"/>
         <column autoUpdated="false" defaultValue="null" digits="0" id="4" name="mtfcc" nullable="true" remarks="" size="5" type="varchar" typeCode="12"/>
         <column autoUpdated="false" defaultValue="null" digits="0" id="5" name="funcstat" nullable="true" remarks="" size="1" type="varchar" typeCode="12"/>
         <column autoUpdated="false" defaultValue="null" digits="17" id="6" name="aland" nullable="true" remarks="" size="17" type="float8" typeCode="8"/>
         <column autoUpdated="false" defaultValue="null" digits="17" id="7" name="awater" nullable="true" remarks="" size="17" type="float8" typeCode="8"/>
         <column autoUpdated="false" defaultValue="null" digits="0" id="8" name="intptlat" nullable="true" remarks="" size="11" type="varchar" typeCode="12"/>
         <column autoUpdated="false" defaultValue="null" digits="0" id="9" name="intptlon" nullable="true" remarks="" size="12" type="varchar" typeCode="12"/>
         <column autoUpdated="false" defaultValue="null" digits="0" id="10" name="partflg" nullable="true" remarks="" size="1" type="varchar" typeCode="12"/>
         <column autoUpdated="false" defaultValue="null" digits="0" id="11" name="the_geom" nullable="true" remarks="" size="2147483647" type="geometry" typeCode="1111"/>
         <primaryKey column="zcta5ce" sequenceNumberInPK="1"/>
         <primaryKey column="statefp" sequenceNumberInPK="2"/>
         <index name="pk_tiger_zcta5_zcta5ce" unique="true">
            <column ascending="true" name="zcta5ce"/>
            <column ascending="true" name="statefp"/>
         </index>
      </table>
      <table catalog="postgres" name="zip_lookup" remarks="" schema="tiger" type="TABLE">
         <column autoUpdated="false" defaultValue="null" digits="0" id="0" name="zip" nullable="false" remarks="" size="10" type="int4" typeCode="4">
            <child catalog="postgres" column="zip" foreignKey="Implied Constraint" implied="true" onDeleteCascade="false" schema="tiger" table="zip_lookup_all"/>
         </column>
         <column autoUpdated="false" defaultValue="null" digits="0" id="1" name="st_code" nullable="true" remarks="" size="10" type="int4" typeCode="4">
            <parent catalog="postgres" column="st_code" foreignKey="Implied Constraint" implied="true" onDeleteCascade="false" schema="tiger" table="state_lookup"/>
         </column>
         <column autoUpdated="false" defaultValue="null" digits="0" id="2" name="state" nullable="true" remarks="" size="2" type="varchar" typeCode="12"/>
         <column autoUpdated="false" defaultValue="null" digits="0" id="3" name="co_code" nullable="true" remarks="" size="10" type="int4" typeCode="4"/>
         <column autoUpdated="false" defaultValue="null" digits="0" id="4" name="county" nullable="true" remarks="" size="90" type="varchar" typeCode="12"/>
         <column autoUpdated="false" defaultValue="null" digits="0" id="5" name="cs_code" nullable="true" remarks="" size="10" type="int4" typeCode="4"/>
         <column autoUpdated="false" defaultValue="null" digits="0" id="6" name="cousub" nullable="true" remarks="" size="90" type="varchar" typeCode="12"/>
         <column autoUpdated="false" defaultValue="null" digits="0" id="7" name="pl_code" nullable="true" remarks="" size="10" type="int4" typeCode="4"/>
         <column autoUpdated="false" defaultValue="null" digits="0" id="8" name="place" nullable="true" remarks="" size="90" type="varchar" typeCode="12"/>
         <column autoUpdated="false" defaultValue="null" digits="0" id="9" name="cnt" nullable="true" remarks="" size="10" type="int4" typeCode="4"/>
         <primaryKey column="zip" sequenceNumberInPK="1"/>
         <index name="zip_lookup_pkey" unique="true">
            <column ascending="true" name="zip"/>
         </index>
      </table>
      <table catalog="postgres" name="zip_lookup_all" remarks="" schema="tiger" type="TABLE">
         <column autoUpdated="false" defaultValue="null" digits="0" id="0" name="zip" nullable="true" remarks="" size="10" type="int4" typeCode="4">
            <parent catalog="postgres" column="zip" foreignKey="Implied Constraint" implied="true" onDeleteCascade="false" schema="tiger" table="zip_lookup"/>
         </column>
         <column autoUpdated="false" defaultValue="null" digits="0" id="1" name="st_code" nullable="true" remarks="" size="10" type="int4" typeCode="4">
            <parent catalog="postgres" column="st_code" foreignKey="Implied Constraint" implied="true" onDeleteCascade="false" schema="tiger" table="state_lookup"/>
         </column>
         <column autoUpdated="false" defaultValue="null" digits="0" id="2" name="state" nullable="true" remarks="" size="2" type="varchar" typeCode="12"/>
         <column autoUpdated="false" defaultValue="null" digits="0" id="3" name="co_code" nullable="true" remarks="" size="10" type="int4" typeCode="4"/>
         <column autoUpdated="false" defaultValue="null" digits="0" id="4" name="county" nullable="true" remarks="" size="90" type="varchar" typeCode="12"/>
         <column autoUpdated="false" defaultValue="null" digits="0" id="5" name="cs_code" nullable="true" remarks="" size="10" type="int4" typeCode="4"/>
         <column autoUpdated="false" defaultValue="null" digits="0" id="6" name="cousub" nullable="true" remarks="" size="90" type="varchar" typeCode="12"/>
         <column autoUpdated="false" defaultValue="null" digits="0" id="7" name="pl_code" nullable="true" remarks="" size="10" type="int4" typeCode="4"/>
         <column autoUpdated="false" defaultValue="null" digits="0" id="8" name="place" nullable="true" remarks="" size="90" type="varchar" typeCode="12"/>
         <column autoUpdated="false" defaultValue="null" digits="0" id="9" name="cnt" nullable="true" remarks="" size="10" type="int4" typeCode="4"/>
      </table>
      <table catalog="postgres" name="zip_lookup_base" remarks="" schema="tiger" type="TABLE">
         <column autoUpdated="false" defaultValue="null" digits="0" id="0" name="zip" nullable="false" remarks="" size="5" type="varchar" typeCode="12">
            <child catalog="postgres" column="zip" foreignKey="Implied Constraint" implied="true" onDeleteCascade="false" schema="tiger" table="addr"/>
         </column>
         <column autoUpdated="false" defaultValue="null" digits="0" id="1" name="state" nullable="true" remarks="" size="40" type="varchar" typeCode="12"/>
         <column autoUpdated="false" defaultValue="null" digits="0" id="2" name="county" nullable="true" remarks="" size="90" type="varchar" typeCode="12"/>
         <column autoUpdated="false" defaultValue="null" digits="0" id="3" name="city" nullable="true" remarks="" size="90" type="varchar" typeCode="12"/>
         <column autoUpdated="false" defaultValue="null" digits="0" id="4" name="statefp" nullable="true" remarks="" size="2" type="varchar" typeCode="12">
            <parent catalog="postgres" column="statefp" foreignKey="Implied Constraint" implied="true" onDeleteCascade="false" schema="tiger" table="state"/>
         </column>
         <primaryKey column="zip" sequenceNumberInPK="1"/>
         <index name="zip_lookup_base_pkey" unique="true">
            <column ascending="true" name="zip"/>
         </index>
      </table>
      <table catalog="postgres" name="zip_state" remarks="" schema="tiger" type="TABLE">
         <column autoUpdated="false" defaultValue="null" digits="0" id="0" name="zip" nullable="false" remarks="" size="5" type="varchar" typeCode="12"/>
         <column autoUpdated="false" defaultValue="null" digits="0" id="1" name="stusps" nullable="false" remarks="" size="2" type="varchar" typeCode="12"/>
         <column autoUpdated="false" defaultValue="null" digits="0" id="2" name="statefp" nullable="true" remarks="" size="2" type="varchar" typeCode="12">
            <parent catalog="postgres" column="statefp" foreignKey="Implied Constraint" implied="true" onDeleteCascade="false" schema="tiger" table="state"/>
         </column>
         <primaryKey column="zip" sequenceNumberInPK="1"/>
         <primaryKey column="stusps" sequenceNumberInPK="2"/>
         <index name="zip_state_pkey" unique="true">
            <column ascending="true" name="zip"/>
            <column ascending="true" name="stusps"/>
         </index>
      </table>
      <table catalog="postgres" name="zip_state_loc" remarks="" schema="tiger" type="TABLE">
         <column autoUpdated="false" defaultValue="null" digits="0" id="0" name="zip" nullable="false" remarks="" size="5" type="varchar" typeCode="12"/>
         <column autoUpdated="false" defaultValue="null" digits="0" id="1" name="stusps" nullable="false" remarks="" size="2" type="varchar" typeCode="12"/>
         <column autoUpdated="false" defaultValue="null" digits="0" id="2" name="statefp" nullable="true" remarks="" size="2" type="varchar" typeCode="12">
            <parent catalog="postgres" column="statefp" foreignKey="Implied Constraint" implied="true" onDeleteCascade="false" schema="tiger" table="state"/>
         </column>
         <column autoUpdated="false" defaultValue="null" digits="0" id="3" name="place" nullable="false" remarks="" size="100" type="varchar" typeCode="12"/>
         <primaryKey column="zip" sequenceNumberInPK="1"/>
         <primaryKey column="stusps" sequenceNumberInPK="2"/>
         <primaryKey column="place" sequenceNumberInPK="3"/>
         <index name="zip_state_loc_pkey" unique="true">
            <column ascending="true" name="zip"/>
            <column ascending="true" name="stusps"/>
            <column ascending="true" name="place"/>
         </index>
      </table>
   </tables>
</database>
