<?xml version="1.0" encoding="UTF-8" standalone="no"?>
<database name="postgres" schema="topology" type="PostgreSQL - 17.7">
   <sequences>
      <sequence increment="1" name="topology_id_seq" startValue="1"/>
   </sequences>
   <tables>
      <table catalog="postgres" name="layer" remarks="" schema="topology" type="TABLE">
         <column autoUpdated="false" defaultValue="null" digits="0" id="0" name="topology_id" nullable="false" remarks="" size="10" type="int4" typeCode="4">
            <parent catalog="postgres" column="id" foreignKey="layer_topology_id_fkey" implied="false" onDeleteCascade="false" schema="topology" table="topology"/>
         </column>
         <column autoUpdated="false" defaultValue="null" digits="0" id="1" name="layer_id" nullable="false" remarks="" size="10" type="int4" typeCode="4"/>
         <column autoUpdated="false" defaultValue="null" digits="0" id="2" name="schema_name" nullable="false" remarks="" size="2147483647" type="varchar" typeCode="12"/>
         <column autoUpdated="false" defaultValue="null" digits="0" id="3" name="table_name" nullable="false" remarks="" size="2147483647" type="varchar" typeCode="12"/>
         <column autoUpdated="false" defaultValue="null" digits="0" id="4" name="feature_column" nullable="false" remarks="" size="2147483647" type="varchar" typeCode="12"/>
         <column autoUpdated="false" defaultValue="null" digits="0" id="5" name="feature_type" nullable="false" remarks="" size="10" type="int4" typeCode="4"/>
         <column autoUpdated="false" defaultValue="0" digits="0" id="6" name="level" nullable="false" remarks="" size="10" type="int4" typeCode="4"/>
         <column autoUpdated="false" defaultValue="null" digits="0" id="7" name="child_id" nullable="true" remarks="" size="10" type="int4" typeCode="4">
            <parent catalog="postgres" column="id" foreignKey="Implied Constraint" implied="true" onDeleteCascade="false" schema="topology" table="topology"/>
         </column>
         <primaryKey column="topology_id" sequenceNumberInPK="1"/>
         <primaryKey column="layer_id" sequenceNumberInPK="2"/>
         <index name="layer_pkey" unique="true">
            <column ascending="true" name="topology_id"/>
            <column ascending="true" name="layer_id"/>
         </index>
         <index name="layer_schema_name_table_name_feature_column_key" unique="true">
            <column ascending="true" name="schema_name"/>
            <column ascending="true" name="table_name"/>
            <column ascending="true" name="feature_column"/>
         </index>
      </table>
      <table catalog="postgres" name="topology" remarks="" schema="topology" type="TABLE">
         <column autoUpdated="true" defaultValue="nextval('topology_id_seq'::regclass)" digits="0" id="0" name="id" nullable="false" remarks="" size="10" type="serial" typeCode="4">
            <child catalog="postgres" column="child_id" foreignKey="Implied Constraint" implied="true" onDeleteCascade="false" schema="topology" table="layer"/>
            <child catalog="postgres" column="topology_id" foreignKey="layer_topology_id_fkey" implied="false" onDeleteCascade="false" schema="topology" table="layer"/>
         </column>
         <column autoUpdated="false" defaultValue="null" digits="0" id="1" name="name" nullable="false" remarks="" size="2147483647" type="varchar" typeCode="12"/>
         <column autoUpdated="false" defaultValue="null" digits="0" id="2" name="srid" nullable="false" remarks="" size="10" type="int4" typeCode="4"/>
         <column autoUpdated="false" defaultValue="null" digits="17" id="3" name="precision" nullable="false" remarks="" size="17" type="float8" typeCode="8"/>
         <column autoUpdated="false" defaultValue="false" digits="0" id="4" name="hasz" nullable="false" remarks="" size="1" type="bool" typeCode="-7"/>
         <column autoUpdated="false" defaultValue="false" digits="0" id="5" name="useslargeids" nullable="false" remarks="" size="1" type="bool" typeCode="-7"/>
         <primaryKey column="id" sequenceNumberInPK="1"/>
         <index name="topology_pkey" unique="true">
            <column ascending="true" name="id"/>
         </index>
         <index name="topology_name_key" unique="true">
            <column ascending="true" name="name"/>
         </index>
      </table>
   </tables>
</database>
