<?xml version="1.0" encoding="UTF-8" standalone="no"?>
<database name="postgres" schema="tracking" type="PostgreSQL - 17.7">
   <sequences>
      <sequence increment="1" name="activities_id_seq" startValue="1"/>
      <sequence increment="1" name="migrations_id_seq" startValue="1"/>
      <sequence increment="1" name="migrations_lock_index_seq" startValue="1"/>
      <sequence increment="1" name="polar_id_seq" startValue="1"/>
      <sequence increment="1" name="strava_id_seq" startValue="1"/>
   </sequences>
   <tables>
      <table catalog="postgres" name="activities" remarks="" schema="tracking" type="TABLE">
         <column autoUpdated="true" defaultValue="nextval('tracking.activities_id_seq'::regclass)" digits="0" id="0" name="id" nullable="false" remarks="" size="10" type="serial" typeCode="4"/>
         <column autoUpdated="false" defaultValue="null" digits="0" id="1" name="user_id" nullable="false" remarks="" size="10" type="int4" typeCode="4">
            <parent catalog="postgres" column="c2c_id" foreignKey="activities_user_id_foreign" implied="false" onDeleteCascade="true" schema="tracking" table="users"/>
         </column>
         <column autoUpdated="false" defaultValue="null" digits="0" id="2" name="vendor" nullable="false" remarks="" size="255" type="varchar" typeCode="12"/>
         <column autoUpdated="false" defaultValue="null" digits="0" id="3" name="vendor_id" nullable="false" remarks="" size="255" type="varchar" typeCode="12"/>
         <column autoUpdated="false" defaultValue="null" digits="0" id="4" name="name" nullable="true" remarks="" size="255" type="varchar" typeCode="12"/>
         <column autoUpdated="false" defaultValue="null" digits="0" id="5" name="type" nullable="false" remarks="" size="255" type="varchar" typeCode="12"/>
         <column autoUpdated="false" defaultValue="null" digits="0" id="6" name="date" nullable="false" remarks="" size="255" type="varchar" typeCode="12"/>
         <column autoUpdated="false" defaultValue="null" digits="0" id="7" name="geojson" nullable="true" remarks="" size="2147483647" type="json" typeCode="1111"/>
         <column autoUpdated="false" defaultValue="null" digits="0" id="8" name="length" nullable="true" remarks="" size="10" type="int4" typeCode="4"/>
         <column autoUpdated="false" defaultValue="null" digits="0" id="9" name="duration" nullable="true" remarks="" size="10" type="int4" typeCode="4"/>
         <column autoUpdated="false" defaultValue="null" digits="0" id="10" name="height_diff_up" nullable="true" remarks="" size="10" type="int4" typeCode="4"/>
         <column autoUpdated="false" defaultValue="null" digits="0" id="11" name="miniature" nullable="true" remarks="" size="28" type="varchar" typeCode="12"/>
         <primaryKey column="id" sequenceNumberInPK="1"/>
         <index name="activities_pkey" unique="true">
            <column ascending="true" name="id"/>
         </index>
      </table>
      <table catalog="postgres" name="migrations" remarks="" schema="tracking" type="TABLE">
         <column autoUpdated="true" defaultValue="nextval('tracking.migrations_id_seq'::regclass)" digits="0" id="0" name="id" nullable="false" remarks="" size="10" type="serial" typeCode="4"/>
         <column autoUpdated="false" defaultValue="null" digits="0" id="1" name="name" nullable="true" remarks="" size="255" type="varchar" typeCode="12"/>
         <column autoUpdated="false" defaultValue="null" digits="0" id="2" name="batch" nullable="true" remarks="" size="10" type="int4" typeCode="4"/>
         <column autoUpdated="false" defaultValue="null" digits="6" id="3" name="migration_time" nullable="true" remarks="" size="35" type="timestamptz" typeCode="93"/>
         <primaryKey column="id" sequenceNumberInPK="1"/>
         <index name="migrations_pkey" unique="true">
            <column ascending="true" name="id"/>
         </index>
      </table>
      <table catalog="postgres" name="migrations_lock" remarks="" schema="tracking" type="TABLE">
         <column autoUpdated="true" defaultValue="nextval('tracking.migrations_lock_index_seq'::regclass)" digits="0" id="0" name="index" nullable="false" remarks="" size="10" type="serial" typeCode="4"/>
         <column autoUpdated="false" defaultValue="null" digits="0" id="1" name="is_locked" nullable="true" remarks="" size="10" type="int4" typeCode="4"/>
         <primaryKey column="index" sequenceNumberInPK="1"/>
         <index name="migrations_lock_pkey" unique="true">
            <column ascending="true" name="index"/>
         </index>
      </table>
      <table catalog="postgres" name="polar" remarks="" schema="tracking" type="TABLE">
         <column autoUpdated="true" defaultValue="nextval('tracking.polar_id_seq'::regclass)" digits="0" id="0" name="id" nullable="false" remarks="" size="10" type="serial" typeCode="4"/>
         <column autoUpdated="false" defaultValue="null" digits="0" id="1" name="webhook_secret" nullable="false" remarks="" size="256" type="varchar" typeCode="12"/>
         <primaryKey column="id" sequenceNumberInPK="1"/>
         <index name="polar_pkey" unique="true">
            <column ascending="true" name="id"/>
         </index>
      </table>
      <table catalog="postgres" name="strava" remarks="" schema="tracking" type="TABLE">
         <column autoUpdated="true" defaultValue="nextval('tracking.strava_id_seq'::regclass)" digits="0" id="0" name="id" nullable="false" remarks="" size="10" type="serial" typeCode="4"/>
         <column autoUpdated="false" defaultValue="null" digits="0" id="1" name="subscription_id" nullable="false" remarks="" size="10" type="int4" typeCode="4"/>
         <primaryKey column="id" sequenceNumberInPK="1"/>
         <index name="strava_pkey" unique="true">
            <column ascending="true" name="id"/>
         </index>
      </table>
      <table catalog="postgres" name="users" remarks="" schema="tracking" type="TABLE">
         <column autoUpdated="false" defaultValue="null" digits="0" id="0" name="c2c_id" nullable="false" remarks="" size="10" type="int4" typeCode="4">
            <child catalog="postgres" column="user_id" foreignKey="activities_user_id_foreign" implied="false" onDeleteCascade="true" schema="tracking" table="activities"/>
         </column>
         <column autoUpdated="false" defaultValue="null" digits="0" id="1" name="strava_id" nullable="true" remarks="" size="10" type="int4" typeCode="4"/>
         <column autoUpdated="false" defaultValue="null" digits="0" id="2" name="strava_access_token" nullable="true" remarks="" size="4096" type="varchar" typeCode="12"/>
         <column autoUpdated="false" defaultValue="null" digits="6" id="3" name="strava_expires_at" nullable="true" remarks="" size="35" type="timestamptz" typeCode="93"/>
         <column autoUpdated="false" defaultValue="null" digits="0" id="4" name="strava_refresh_token" nullable="true" remarks="" size="4096" type="varchar" typeCode="12"/>
         <column autoUpdated="false" defaultValue="null" digits="0" id="5" name="suunto_username" nullable="true" remarks="" size="255" type="varchar" typeCode="12"/>
         <column autoUpdated="false" defaultValue="null" digits="0" id="6" name="suunto_access_token" nullable="true" remarks="" size="4096" type="varchar" typeCode="12"/>
         <column autoUpdated="false" defaultValue="null" digits="6" id="7" name="suunto_expires_at" nullable="true" remarks="" size="35" type="timestamptz" typeCode="93"/>
         <column autoUpdated="false" defaultValue="null" digits="0" id="8" name="suunto_refresh_token" nullable="true" remarks="" size="4096" type="varchar" typeCode="12"/>
         <column autoUpdated="false" defaultValue="null" digits="0" id="9" name="garmin_token" nullable="true" remarks="" size="255" type="varchar" typeCode="12"/>
         <column autoUpdated="false" defaultValue="null" digits="0" id="10" name="garmin_token_secret" nullable="true" remarks="" size="255" type="varchar" typeCode="12"/>
         <column autoUpdated="false" defaultValue="null" digits="0" id="11" name="decathlon_id" nullable="true" remarks="" size="255" type="varchar" typeCode="12"/>
         <column autoUpdated="false" defaultValue="null" digits="0" id="12" name="decathlon_access_token" nullable="true" remarks="" size="4096" type="varchar" typeCode="12"/>
         <column autoUpdated="false" defaultValue="null" digits="6" id="13" name="decathlon_expires_at" nullable="true" remarks="" size="35" type="timestamptz" typeCode="93"/>
         <column autoUpdated="false" defaultValue="null" digits="0" id="14" name="decathlon_refresh_token" nullable="true" remarks="" size="4096" type="varchar" typeCode="12"/>
         <column autoUpdated="false" defaultValue="null" digits="0" id="15" name="decathlon_webhook_id" nullable="true" remarks="" size="255" type="varchar" typeCode="12"/>
         <column autoUpdated="false" defaultValue="null" digits="0" id="16" name="polar_id" nullable="true" remarks="" size="19" type="int8" typeCode="-5"/>
         <column autoUpdated="false" defaultValue="null" digits="0" id="17" name="polar_token" nullable="true" remarks="" size="256" type="varchar" typeCode="12"/>
         <column autoUpdated="false" defaultValue="null" digits="0" id="18" name="coros_id" nullable="true" remarks="" size="256" type="varchar" typeCode="12"/>
         <column autoUpdated="false" defaultValue="null" digits="0" id="19" name="coros_access_token" nullable="true" remarks="" size="256" type="varchar" typeCode="12"/>
         <column autoUpdated="false" defaultValue="null" digits="6" id="20" name="coros_expires_at" nullable="true" remarks="" size="35" type="timestamptz" typeCode="93"/>
         <column autoUpdated="false" defaultValue="null" digits="0" id="21" name="coros_refresh_token" nullable="true" remarks="" size="256" type="varchar" typeCode="12"/>
         <primaryKey column="c2c_id" sequenceNumberInPK="1"/>
         <index name="users_pkey" unique="true">
            <column ascending="true" name="c2c_id"/>
         </index>
         <index name="users_coros_id_unique" unique="true">
            <column ascending="true" name="coros_id"/>
         </index>
         <index name="users_garmin_token_secret_unique" unique="true">
            <column ascending="true" name="garmin_token_secret"/>
         </index>
         <index name="users_garmin_token_unique" unique="true">
            <column ascending="true" name="garmin_token"/>
         </index>
         <index name="users_polar_id_unique" unique="true">
            <column ascending="true" name="polar_id"/>
         </index>
         <index name="users_strava_id_unique" unique="true">
            <column ascending="true" name="strava_id"/>
         </index>
         <index name="users_suunto_username_unique" unique="true">
            <column ascending="true" name="suunto_username"/>
         </index>
      </table>
   </tables>
</database>
