<?xml version="1.0" encoding="UTF-8" standalone="no"?>
<database name="postgres" schema="users" type="PostgreSQL - 17.7">
   <tables>
      <table catalog="postgres" name="sso_external_id" remarks="" schema="users" type="TABLE">
         <column autoUpdated="false" defaultValue="null" digits="0" id="0" name="domain" nullable="false" remarks="" size="2147483647" type="varchar" typeCode="12">
            <parent catalog="postgres" column="domain" foreignKey="sso_external_id_domain_fkey" implied="false" onDeleteCascade="false" schema="users" table="sso_key"/>
         </column>
         <column autoUpdated="false" defaultValue="null" digits="0" id="1" name="external_id" nullable="false" remarks="" size="10" type="int4" typeCode="4"/>
         <column autoUpdated="false" defaultValue="null" digits="0" id="2" name="user_id" nullable="false" remarks="" size="10" type="int4" typeCode="4">
            <parent catalog="postgres" column="id" foreignKey="sso_external_id_user_id_fkey" implied="false" onDeleteCascade="false" schema="users" table="user"/>
         </column>
         <column autoUpdated="false" defaultValue="null" digits="0" id="3" name="token" nullable="true" remarks="" size="2147483647" type="varchar" typeCode="12"/>
         <column autoUpdated="false" defaultValue="null" digits="6" id="4" name="expire" nullable="true" remarks="" size="35" type="timestamptz" typeCode="93"/>
         <primaryKey column="domain" sequenceNumberInPK="1"/>
         <primaryKey column="external_id" sequenceNumberInPK="2"/>
         <index name="sso_external_id_pkey" unique="true">
            <column ascending="true" name="domain"/>
            <column ascending="true" name="external_id"/>
         </index>
      </table>
      <table catalog="postgres" name="sso_key" remarks="" schema="users" type="TABLE">
         <column autoUpdated="false" defaultValue="null" digits="0" id="0" name="domain" nullable="false" remarks="" size="2147483647" type="varchar" typeCode="12">
            <child catalog="postgres" column="domain" foreignKey="sso_external_id_domain_fkey" implied="false" onDeleteCascade="false" schema="users" table="sso_external_id"/>
         </column>
         <column autoUpdated="false" defaultValue="null" digits="0" id="1" name="key" nullable="false" remarks="" size="2147483647" type="varchar" typeCode="12"/>
         <primaryKey column="domain" sequenceNumberInPK="1"/>
         <index name="sso_key_pkey" unique="true">
            <column ascending="true" name="domain"/>
         </index>
         <index name="sso_key_key_key" unique="true">
            <column ascending="true" name="key"/>
         </index>
      </table>
      <table catalog="postgres" name="token" remarks="" schema="users" type="TABLE">
         <column autoUpdated="false" defaultValue="null" digits="0" id="0" name="value" nullable="false" remarks="" size="2147483647" type="varchar" typeCode="12"/>
         <column autoUpdated="false" defaultValue="null" digits="6" id="1" name="expire" nullable="false" remarks="" size="35" type="timestamptz" typeCode="93"/>
         <column autoUpdated="false" defaultValue="null" digits="0" id="2" name="userid" nullable="false" remarks="" size="10" type="int4" typeCode="4">
            <parent catalog="postgres" column="id" foreignKey="token_userid_fkey" implied="false" onDeleteCascade="false" schema="users" table="user"/>
         </column>
         <primaryKey column="value" sequenceNumberInPK="1"/>
         <index name="token_pkey" unique="true">
            <column ascending="true" name="value"/>
         </index>
         <index name="ix_users_token_expire" unique="false">
            <column ascending="true" name="expire"/>
         </index>
      </table>
      <table catalog="postgres" name="user" remarks="" schema="users" type="TABLE">
         <column autoUpdated="false" defaultValue="null" digits="0" id="0" name="id" nullable="false" remarks="" size="10" type="int4" typeCode="4">
            <child catalog="postgres" column="user_id" foreignKey="association_log_user_id_fkey" implied="false" onDeleteCascade="false" schema="guidebook" table="association_log"/>
            <child catalog="postgres" column="user_id" foreignKey="documents_tags_user_id_fkey" implied="false" onDeleteCascade="false" schema="guidebook" table="documents_tags"/>
            <child catalog="postgres" column="user_id" foreignKey="documents_tags_log_user_id_fkey" implied="false" onDeleteCascade="false" schema="guidebook" table="documents_tags_log"/>
            <child catalog="postgres" column="user_id" foreignKey="feed_document_changes_user_id_fkey" implied="false" onDeleteCascade="false" schema="guidebook" table="feed_document_changes"/>
            <child catalog="postgres" column="user_id" foreignKey="feed_filter_area_user_id_fkey" implied="false" onDeleteCascade="false" schema="guidebook" table="feed_filter_area"/>
            <child catalog="postgres" column="followed_user_id" foreignKey="feed_followed_users_followed_user_id_fkey" implied="false" onDeleteCascade="false" schema="guidebook" table="feed_followed_users"/>
            <child catalog="postgres" column="follower_user_id" foreignKey="feed_followed_users_follower_user_id_fkey" implied="false" onDeleteCascade="false" schema="guidebook" table="feed_followed_users"/>
            <child catalog="postgres" column="user_id" foreignKey="history_metadata_user_id_fkey" implied="false" onDeleteCascade="false" schema="guidebook" table="history_metadata"/>
            <child catalog="postgres" column="user_id" foreignKey="subscriber_table_user_id_fkey" implied="false" onDeleteCascade="false" schema="sympa" table="subscriber_table"/>
            <child catalog="postgres" column="user_id" foreignKey="sso_external_id_user_id_fkey" implied="false" onDeleteCascade="false" schema="users" table="sso_external_id"/>
            <child catalog="postgres" column="userid" foreignKey="token_userid_fkey" implied="false" onDeleteCascade="false" schema="users" table="token"/>
            <parent catalog="postgres" column="document_id" foreignKey="user_id_fkey" implied="false" onDeleteCascade="false" schema="guidebook" table="user_profiles"/>
         </column>
         <column autoUpdated="false" defaultValue="null" digits="0" id="1" name="username" nullable="false" remarks="" size="200" type="varchar" typeCode="12"/>
         <column autoUpdated="false" defaultValue="null" digits="0" id="2" name="name" nullable="false" remarks="" size="200" type="varchar" typeCode="12"/>
         <column autoUpdated="false" defaultValue="null" digits="0" id="3" name="forum_username" nullable="false" remarks="" size="25" type="varchar" typeCode="12"/>
         <column autoUpdated="false" defaultValue="null" digits="0" id="4" name="email" nullable="false" remarks="" size="200" type="varchar" typeCode="12"/>
         <column autoUpdated="false" defaultValue="null" digits="0" id="5" name="email_validated" nullable="false" remarks="" size="1" type="bool" typeCode="-7"/>
         <column autoUpdated="false" defaultValue="null" digits="0" id="6" name="email_to_validate" nullable="true" remarks="" size="200" type="varchar" typeCode="12"/>
         <column autoUpdated="false" defaultValue="null" digits="0" id="7" name="moderator" nullable="false" remarks="" size="1" type="bool" typeCode="-7"/>
         <column autoUpdated="false" defaultValue="null" digits="0" id="8" name="validation_nonce" nullable="true" remarks="" size="200" type="varchar" typeCode="12"/>
         <column autoUpdated="false" defaultValue="null" digits="6" id="9" name="validation_nonce_expire" nullable="true" remarks="" size="35" type="timestamptz" typeCode="93"/>
         <column autoUpdated="false" defaultValue="null" digits="0" id="10" name="password" nullable="false" remarks="" size="255" type="varchar" typeCode="12"/>
         <column autoUpdated="false" defaultValue="null" digits="6" id="11" name="last_modified" nullable="false" remarks="" size="35" type="timestamptz" typeCode="93"/>
         <column autoUpdated="false" defaultValue="null" digits="0" id="12" name="lang" nullable="false" remarks="" size="2" type="varchar" typeCode="12">
            <parent catalog="postgres" column="lang" foreignKey="user_lang_fkey" implied="false" onDeleteCascade="false" schema="guidebook" table="langs"/>
         </column>
         <column autoUpdated="false" defaultValue="false" digits="0" id="13" name="is_profile_public" nullable="false" remarks="" size="1" type="bool" typeCode="-7"/>
         <column autoUpdated="false" defaultValue="'{}'::guidebook.activity_type[]" digits="0" id="14" name="feed_filter_activities" nullable="false" remarks="" size="2147483647" type="&quot;guidebook&quot;.&quot;_activity_type&quot;" typeCode="2003"/>
         <column autoUpdated="false" defaultValue="false" digits="0" id="15" name="feed_followed_only" nullable="false" remarks="" size="1" type="bool" typeCode="-7"/>
         <column autoUpdated="false" defaultValue="false" digits="0" id="16" name="blocked" nullable="false" remarks="" size="1" type="bool" typeCode="-7"/>
         <column autoUpdated="false" defaultValue="'{}'::guidebook.lang[]" digits="0" id="17" name="feed_filter_langs" nullable="false" remarks="" size="2147483647" type="&quot;guidebook&quot;.&quot;_lang&quot;" typeCode="2003"/>
         <column autoUpdated="false" defaultValue="null" digits="0" id="18" name="ratelimit_remaining" nullable="true" remarks="" size="10" type="int4" typeCode="4"/>
         <column autoUpdated="false" defaultValue="null" digits="6" id="19" name="ratelimit_reset" nullable="true" remarks="" size="35" type="timestamptz" typeCode="93"/>
         <column autoUpdated="false" defaultValue="null" digits="6" id="20" name="ratelimit_last_blocked_window" nullable="true" remarks="" size="35" type="timestamptz" typeCode="93"/>
         <column autoUpdated="false" defaultValue="0" digits="0" id="21" name="ratelimit_times" nullable="false" remarks="" size="10" type="int4" typeCode="4"/>
         <column autoUpdated="false" defaultValue="false" digits="0" id="22" name="robot" nullable="false" remarks="" size="1" type="bool" typeCode="-7"/>
         <column autoUpdated="false" defaultValue="null" digits="6" id="23" name="tos_validated" nullable="true" remarks="" size="35" type="timestamptz" typeCode="93"/>
         <primaryKey column="id" sequenceNumberInPK="1"/>
         <index name="user_pkey" unique="true">
            <column ascending="true" name="id"/>
         </index>
         <index name="ix_users_user_email_validated" unique="false">
            <column ascending="true" name="email_validated"/>
         </index>
         <index name="ix_users_user_last_modified" unique="false">
            <column ascending="true" name="last_modified"/>
         </index>
         <index name="user_email_key" unique="true">
            <column ascending="true" name="email"/>
         </index>
         <index name="user_forum_username_key" unique="true">
            <column ascending="true" name="forum_username"/>
         </index>
         <index name="user_username_key" unique="true">
            <column ascending="true" name="username"/>
         </index>
         <index name="user_validation_nonce_key" unique="true">
            <column ascending="true" name="validation_nonce"/>
         </index>
         <checkConstraint constraint="users.check_forum_username((forum_username)::text)" name="forum_username_check_constraint"/>
      </table>
   </tables>
</database>
